date,day_name,month,month_num,year,season,hour,temperature,humidity,rainfall,wind_speed,wind_direction,aqi,heat_index,evapotranspiration,dew_point,water_deficit,alert_level,overall_status,latitude,longitude,station_id,location,source
2024-01-01,Monday,January,1,2024,Dry (Dec-Feb),12,27.6,47.3,5.7,14.0,SE,53,24.55,0.76,35.97,0.0,NORMAL,NORMAL,-1.0896,37.0105,KE-NBI-001,JKUAT Main Farm, Juja,Generated (offline fallback)
2024-01-02,Tuesday,January,1,2024,Dry (Dec-Feb),12,22.6,70.0,0.0,8.0,SE,77,20.01,0.51,34.69,5.0,NORMAL,NORMAL,-1.0896,37.0105,KE-NBI-001,JKUAT Main Farm, Juja,Generated (offline fallback)
2024-01-03,Wednesday,January,1,2024,Dry (Dec-Feb),12,21.7,51.3,0.0,12.3,NE,69,18.73,0.63,30.39,5.0,NORMAL,NORMAL,-1.0896,37.0105,KE-NBI-001,JKUAT Main Farm, Juja,Generated (offline fallback)
2024-01-04,Thursday,January,1,2024,Dry (Dec-Feb),12,27.3,47.0,0.0,6.8,W,41,24.25,0.76,35.59,5.0,NORMAL,NORMAL,-1.0896,37.0105,KE-NBI-001,JKUAT Main Farm, Juja,Generated (offline fallback)
2024-01-05,Friday,January,1,2024,Dry (Dec-Feb),12,23.3,58.3,0.6,22.5,NE,87,20.47,0.61,33.35,4.4,NORMAL,NORMAL,-1.0896,37.0105,KE-NBI-001,JKUAT Main Farm, Juja,Generated (offline fallback)
2024-01-06,Saturday,January,1,2024,Dry (Dec-Feb),12,27.6,54.5,0.0,7.7,SE,61,24.7,0.7,37.29,5.0,NORMAL,NORMAL,-1.0896,37.0105,KE-NBI-001,JKUAT Main Farm, Juja,Generated (offline fallback)
2024-01-07,Sunday,January,1,2024,Dry (Dec-Feb),12,21.8,46.3,0.3,20.8,W,54,18.73,0.67,29.62,4.7,NORMAL,NORMAL,-1.0896,37.0105,KE-NBI-001,JKUAT Main Farm, Juja,Generated (offline fallback)
2024-01-08,Monday,January,1,2024,Dry (Dec-Feb),12,18.5,69.1,0.0,14.6,S,61,15.89,0.46,30.05,5.0,WARNING,WARNING,-1.0896,37.0105,KE-NBI-001,JKUAT Main Farm, Juja,Generated (offline fallback)
2024-01-09,Tuesday,January,1,2024,Dry (Dec-Feb),12,26.5,53.6,0.0,10.8,NE,80,23.58,0.69,35.94,5.0,NORMAL,NORMAL,-1.0896,37.0105,KE-NBI-001,JKUAT Main Farm, Juja,Generated (offline fallback)
2024-01-10,Wednesday,January,1,2024,Dry (Dec-Feb),12,24.5,48.7,0.9,10.8,NE,80,21.48,0.7,32.92,4.1,NORMAL,NORMAL,-1.0896,37.0105,KE-NBI-001,JKUAT Main Farm, Juja,Generated (offline fallback)
2024-01-11,Thursday,January,1,2024,Dry (Dec-Feb),12,25.3,64.9,0.0,18.9,N,64,22.61,0.59,36.71,5.0,NORMAL,NORMAL,-1.0896,37.0105,KE-NBI-001,JKUAT Main Farm, Juja,Generated (offline fallback)
2024-01-12,Friday,January,1,2024,Dry (Dec-Feb),12,16.8,56.5,3.7,10.3,SE,87,13.94,0.52,26.04,1.3,WARNING,WARNING,-1.0896,37.0105,KE-NBI-001,JKUAT Main Farm, Juja,Generated (offline fallback)
2024-01-13,Saturday,January,1,2024,Dry (Dec-Feb),12,23.1,54.9,0.0,10.7,S,43,20.21,0.63,32.53,5.0,NORMAL,NORMAL,-1.0896,37.0105,KE-NBI-001,JKUAT Main Farm, Juja,Generated (offline fallback)
2024-01-14,Sunday,January,1,2024,Dry (Dec-Feb),12,28.3,69.5,0.0,8.6,NW,61,25.7,0.59,40.84,5.0,NORMAL,NORMAL,-1.0896,37.0105,KE-NBI-001,JKUAT Main Farm, Juja,Generated (offline fallback)
2024-01-15,Monday,January,1,2024,Dry (Dec-Feb),12,20.5,54.9,0.0,22.7,NW,80,17.61,0.59,29.73,5.0,NORMAL,NORMAL,-1.0896,37.0105,KE-NBI-001,JKUAT Main Farm, Juja,Generated (offline fallback)
2024-01-16,Tuesday,January,1,2024,Dry (Dec-Feb),12,19.2,52.4,0.0,18.2,E,54,16.26,0.59,27.91,5.0,WARNING,WARNING,-1.0896,37.0105,KE-NBI-001,JKUAT Main Farm, Juja,Generated (offline fallback)
2024-01-17,Wednesday,January,1,2024,Dry (Dec-Feb),12,30.2,45.2,0.0,5.3,E,81,27.11,0.82,38.34,5.0,NORMAL,NORMAL,-1.0896,37.0105,KE-NBI-001,JKUAT Main Farm, Juja,Generated (offline fallback)
2024-01-18,Thursday,January,1,2024,Dry (Dec-Feb),12,24.8,66.7,0.0,14.6,E,69,22.14,0.57,36.49,5.0,NORMAL,NORMAL,-1.0896,37.0105,KE-NBI-001,JKUAT Main Farm, Juja,Generated (offline fallback)
2024-01-19,Friday,January,1,2024,Dry (Dec-Feb),12,30.0,59.8,0.0,7.9,N,88,27.2,0.7,40.86,5.0,NORMAL,NORMAL,-1.0896,37.0105,KE-NBI-001,JKUAT Main Farm, Juja,Generated (offline fallback)
2024-01-20,Saturday,January,1,2024,Dry (Dec-Feb),12,21.6,55.9,0.0,23.9,NW,72,18.73,0.6,31.09,5.0,NORMAL,NORMAL,-1.0896,37.0105,KE-NBI-001,JKUAT Main Farm, Juja,Generated (offline fallback)
2024-01-21,Sunday,January,1,2024,Dry (Dec-Feb),12,25.2,69.9,0.0,24.4,S,77,22.61,0.54,37.52,5.0,NORMAL,NORMAL,-1.0896,37.0105,KE-NBI-001,JKUAT Main Farm, Juja,Generated (offline fallback)
2024-01-22,Monday,January,1,2024,Dry (Dec-Feb),12,24.9,66.4,0.0,20.4,SW,83,22.24,0.57,36.55,5.0,NORMAL,NORMAL,-1.0896,37.0105,KE-NBI-001,JKUAT Main Farm, Juja,Generated (offline fallback)
2024-01-23,Tuesday,January,1,2024,Dry (Dec-Feb),12,26.0,55.8,0.0,20.3,SW,82,23.12,0.67,35.8,5.0,NORMAL,NORMAL,-1.0896,37.0105,KE-NBI-001,JKUAT Main Farm, Juja,Generated (offline fallback)
2024-01-24,Wednesday,January,1,2024,Dry (Dec-Feb),12,30.2,51.1,0.0,5.8,NE,47,27.23,0.77,39.44,5.0,NORMAL,NORMAL,-1.0896,37.0105,KE-NBI-001,JKUAT Main Farm, Juja,Generated (offline fallback)
2024-01-25,Thursday,January,1,2024,Dry (Dec-Feb),12,24.9,67.6,0.0,17.6,SE,45,22.26,0.56,36.77,5.0,NORMAL,NORMAL,-1.0896,37.0105,KE-NBI-001,JKUAT Main Farm, Juja,Generated (offline fallback)
2024-01-26,Friday,January,1,2024,Dry (Dec-Feb),12,17.7,56.4,0.0,8.7,SW,82,14.84,0.54,26.99,5.0,WARNING,WARNING,-1.0896,37.0105,KE-NBI-001,JKUAT Main Farm, Juja,Generated (offline fallback)
2024-01-27,Saturday,January,1,2024,Dry (Dec-Feb),12,22.0,69.2,0.0,12.5,N,68,19.39,0.51,33.89,5.0,NORMAL,NORMAL,-1.0896,37.0105,KE-NBI-001,JKUAT Main Farm, Juja,Generated (offline fallback)
2024-01-28,Sunday,January,1,2024,Dry (Dec-Feb),12,23.7,69.2,0.0,6.1,E,79,21.09,0.53,35.75,5.0,NORMAL,NORMAL,-1.0896,37.0105,KE-NBI-001,JKUAT Main Farm, Juja,Generated (offline fallback)
2024-01-29,Monday,January,1,2024,Dry (Dec-Feb),12,19.6,52.3,0.0,11.6,SW,46,16.65,0.59,28.32,5.0,WARNING,WARNING,-1.0896,37.0105,KE-NBI-001,JKUAT Main Farm, Juja,Generated (offline fallback)
2024-01-30,Tuesday,January,1,2024,Dry (Dec-Feb),12,23.3,50.4,0.0,21.5,E,69,20.32,0.67,31.94,5.0,NORMAL,NORMAL,-1.0896,37.0105,KE-NBI-001,JKUAT Main Farm, Juja,Generated (offline fallback)
2024-01-31,Wednesday,January,1,2024,Dry (Dec-Feb),12,28.5,58.6,0.0,16.8,E,85,25.68,0.69,39.02,5.0,NORMAL,NORMAL,-1.0896,37.0105,KE-NBI-001,JKUAT Main Farm, Juja,Generated (offline fallback)
2024-02-01,Thursday,February,2,2024,Dry (Dec-Feb),12,26.1,62.3,0.0,27.9,N,107,23.36,0.62,37.1,5.0,WARNING,WARNING,-1.0896,37.0105,KE-NBI-001,JKUAT Main Farm, Juja,Generated (offline fallback)
2024-02-02,Friday,February,2,2024,Dry (Dec-Feb),12,25.4,49.7,0.0,16.4,SW,65,22.4,0.7,34.06,5.0,NORMAL,NORMAL,-1.0896,37.0105,KE-NBI-001,JKUAT Main Farm, Juja,Generated (offline fallback)
2024-02-03,Saturday,February,2,2024,Dry (Dec-Feb),12,30.8,59.9,0.0,22.6,S,52,28.01,0.71,41.75,5.0,NORMAL,NORMAL,-1.0896,37.0105,KE-NBI-001,JKUAT Main Farm, Juja,Generated (offline fallback)
2024-02-04,Sunday,February,2,2024,Dry (Dec-Feb),12,19.1,54.2,0.0,5.9,W,52,16.19,0.57,28.11,5.0,WARNING,WARNING,-1.0896,37.0105,KE-NBI-001,JKUAT Main Farm, Juja,Generated (offline fallback)
2024-02-05,Monday,February,2,2024,Dry (Dec-Feb),12,25.5,62.3,0.0,18.0,S,42,22.76,0.61,36.45,5.0,NORMAL,NORMAL,-1.0896,37.0105,KE-NBI-001,JKUAT Main Farm, Juja,Generated (offline fallback)
2024-02-06,Tuesday,February,2,2024,Dry (Dec-Feb),12,27.4,57.3,3.9,11.2,SE,60,24.55,0.68,37.59,1.1,NORMAL,NORMAL,-1.0896,37.0105,KE-NBI-001,JKUAT Main Farm, Juja,Generated (offline fallback)
2024-02-07,Wednesday,February,2,2024,Dry (Dec-Feb),12,23.1,49.3,0.0,11.0,S,65,20.09,0.67,31.53,5.0,NORMAL,NORMAL,-1.0896,37.0105,KE-NBI-001,JKUAT Main Farm, Juja,Generated (offline fallback)
2024-02-08,Thursday,February,2,2024,Dry (Dec-Feb),12,27.6,58.7,0.0,26.8,E,114,24.78,0.67,38.06,5.0,WARNING,WARNING,-1.0896,37.0105,KE-NBI-001,JKUAT Main Farm, Juja,Generated (offline fallback)
2024-02-09,Friday,February,2,2024,Dry (Dec-Feb),12,29.8,53.4,0.0,13.8,SW,78,26.88,0.75,39.44,5.0,NORMAL,NORMAL,-1.0896,37.0105,KE-NBI-001,JKUAT Main Farm, Juja,Generated (offline fallback)
2024-02-10,Saturday,February,2,2024,Dry (Dec-Feb),12,20.8,60.6,0.0,5.4,N,66,18.02,0.56,31.06,5.0,NORMAL,NORMAL,-1.0896,37.0105,KE-NBI-001,JKUAT Main Farm, Juja,Generated (offline fallback)
2024-02-11,Sunday,February,2,2024,Dry (Dec-Feb),12,22.4,64.8,0.0,27.5,NW,83,19.71,0.55,33.54,5.0,NORMAL,NORMAL,-1.0896,37.0105,KE-NBI-001,JKUAT Main Farm, Juja,Generated (offline fallback)
2024-02-12,Monday,February,2,2024,Dry (Dec-Feb),12,28.3,67.2,0.0,25.1,E,75,25.65,0.61,40.41,5.0,NORMAL,NORMAL,-1.0896,37.0105,KE-NBI-001,JKUAT Main Farm, Juja,Generated (offline fallback)
2024-02-13,Tuesday,February,2,2024,Dry (Dec-Feb),12,24.5,48.1,9.1,21.7,S,49,21.47,0.7,32.81,0.0,NORMAL,NORMAL,-1.0896,37.0105,KE-NBI-001,JKUAT Main Farm, Juja,Generated (offline fallback)
2024-02-14,Wednesday,February,2,2024,Dry (Dec-Feb),12,23.7,64.4,1.1,12.9,SE,70,21.0,0.57,34.88,3.9,NORMAL,NORMAL,-1.0896,37.0105,KE-NBI-001,JKUAT Main Farm, Juja,Generated (offline fallback)
2024-02-15,Thursday,February,2,2024,Dry (Dec-Feb),12,25.6,51.8,0.0,7.2,NW,45,22.64,0.69,34.65,5.0,NORMAL,NORMAL,-1.0896,37.0105,KE-NBI-001,JKUAT Main Farm, Juja,Generated (offline fallback)
2024-02-16,Friday,February,2,2024,Dry (Dec-Feb),12,26.4,64.1,0.0,5.9,W,41,23.69,0.61,37.76,5.0,NORMAL,NORMAL,-1.0896,37.0105,KE-NBI-001,JKUAT Main Farm, Juja,Generated (offline fallback)
2024-02-17,Saturday,February,2,2024,Dry (Dec-Feb),12,28.7,69.4,0.0,10.3,SE,84,26.1,0.59,41.26,5.0,NORMAL,NORMAL,-1.0896,37.0105,KE-NBI-001,JKUAT Main Farm, Juja,Generated (offline fallback)
2024-02-18,Sunday,February,2,2024,Dry (Dec-Feb),12,30.9,49.0,0.0,19.0,NW,77,27.89,0.8,39.8,5.0,NORMAL,NORMAL,-1.0896,37.0105,KE-NBI-001,JKUAT Main Farm, Juja,Generated (offline fallback)
2024-02-19,Monday,February,2,2024,Dry (Dec-Feb),12,29.8,53.4,1.0,18.7,SW,64,26.88,0.75,39.44,4.0,NORMAL,NORMAL,-1.0896,37.0105,KE-NBI-001,JKUAT Main Farm, Juja,Generated (offline fallback)
2024-02-20,Tuesday,February,2,2024,Dry (Dec-Feb),12,21.5,50.6,0.0,24.9,E,89,18.52,0.64,30.05,5.0,NORMAL,NORMAL,-1.0896,37.0105,KE-NBI-001,JKUAT Main Farm, Juja,Generated (offline fallback)
2024-02-21,Wednesday,February,2,2024,Dry (Dec-Feb),12,18.6,68.5,0.0,27.3,NE,85,15.98,0.47,30.05,5.0,WARNING,WARNING,-1.0896,37.0105,KE-NBI-001,JKUAT Main Farm, Juja,Generated (offline fallback)
2024-02-22,Thursday,February,2,2024,Dry (Dec-Feb),12,30.6,64.1,0.0,21.2,S,52,27.89,0.67,42.33,5.0,NORMAL,NORMAL,-1.0896,37.0105,KE-NBI-001,JKUAT Main Farm, Juja,Generated (offline fallback)
2024-02-23,Friday,February,2,2024,Dry (Dec-Feb),12,28.9,50.4,0.0,18.6,S,48,25.92,0.76,37.92,5.0,NORMAL,NORMAL,-1.0896,37.0105,KE-NBI-001,JKUAT Main Farm, Juja,Generated (offline fallback)
2024-02-24,Saturday,February,2,2024,Dry (Dec-Feb),12,24.2,53.9,0.0,24.5,SW,62,21.29,0.66,33.53,5.0,NORMAL,NORMAL,-1.0896,37.0105,KE-NBI-001,JKUAT Main Farm, Juja,Generated (offline fallback)
2024-02-25,Sunday,February,2,2024,Dry (Dec-Feb),12,27.5,66.5,0.0,19.9,E,65,24.84,0.6,39.4,5.0,NORMAL,NORMAL,-1.0896,37.0105,KE-NBI-001,JKUAT Main Farm, Juja,Generated (offline fallback)
2024-02-26,Monday,February,2,2024,Dry (Dec-Feb),12,24.9,61.3,0.0,10.0,SW,50,22.13,0.61,35.62,5.0,NORMAL,NORMAL,-1.0896,37.0105,KE-NBI-001,JKUAT Main Farm, Juja,Generated (offline fallback)
2024-02-27,Tuesday,February,2,2024,Dry (Dec-Feb),12,28.2,50.1,0.1,15.2,NE,52,25.21,0.75,37.12,4.9,NORMAL,NORMAL,-1.0896,37.0105,KE-NBI-001,JKUAT Main Farm, Juja,Generated (offline fallback)
2024-02-28,Wednesday,February,2,2024,Dry (Dec-Feb),12,29.7,56.6,0.0,18.0,E,58,26.84,0.72,39.94,5.0,NORMAL,NORMAL,-1.0896,37.0105,KE-NBI-001,JKUAT Main Farm, Juja,Generated (offline fallback)
2024-02-29,Thursday,February,2,2024,Dry (Dec-Feb),12,23.2,55.7,0.0,16.0,NW,56,20.32,0.63,32.77,5.0,NORMAL,NORMAL,-1.0896,37.0105,KE-NBI-001,JKUAT Main Farm, Juja,Generated (offline fallback)
2024-03-01,Friday,March,3,2024,Long Rains,12,22.7,61.3,0.0,17.3,SE,67,19.93,0.58,33.24,5.0,NORMAL,NORMAL,-1.0896,37.0105,KE-NBI-001,JKUAT Main Farm, Juja,Generated (offline fallback)
2024-03-02,Saturday,March,3,2024,Long Rains,12,20.7,77.8,0.0,7.1,NE,56,18.27,0.42,34.01,5.0,NORMAL,NORMAL,-1.0896,37.0105,KE-NBI-001,JKUAT Main Farm, Juja,Generated (offline fallback)
2024-03-03,Sunday,March,3,2024,Long Rains,12,20.8,75.2,0.0,17.7,W,63,18.32,0.44,33.65,5.0,NORMAL,NORMAL,-1.0896,37.0105,KE-NBI-001,JKUAT Main Farm, Juja,Generated (offline fallback)
2024-03-04,Monday,March,3,2024,Long Rains,12,29.7,82.2,0.0,11.5,S,62,27.36,0.46,44.83,5.0,NORMAL,NORMAL,-1.0896,37.0105,KE-NBI-001,JKUAT Main Farm, Juja,Generated (offline fallback)
2024-03-05,Tuesday,March,3,2024,Long Rains,12,24.7,98.0,25.6,15.6,E,63,22.67,0.14,42.24,0.0,CRITICAL,CRITICAL,-1.0896,37.0105,KE-NBI-001,JKUAT Main Farm, Juja,Generated (offline fallback)
2024-03-06,Wednesday,March,3,2024,Long Rains,12,25.9,60.2,0.0,13.9,W,57,23.11,0.63,36.5,5.0,NORMAL,NORMAL,-1.0896,37.0105,KE-NBI-001,JKUAT Main Farm, Juja,Generated (offline fallback)
2024-03-07,Thursday,March,3,2024,Long Rains,12,22.4,79.9,2.4,16.0,NW,68,20.01,0.41,36.27,2.6,NORMAL,NORMAL,-1.0896,37.0105,KE-NBI-001,JKUAT Main Farm, Juja,Generated (offline fallback)
2024-03-08,Friday,March,3,2024,Long Rains,12,28.9,71.7,0.0,3.1,NW,48,26.34,0.57,41.92,5.0,NORMAL,NORMAL,-1.0896,37.0105,KE-NBI-001,JKUAT Main Farm, Juja,Generated (offline fallback)
2024-03-09,Saturday,March,3,2024,Long Rains,12,21.6,87.4,32.8,15.0,SE,47,19.36,0.32,36.75,0.0,CRITICAL,CRITICAL,-1.0896,37.0105,KE-NBI-001,JKUAT Main Farm, Juja,Generated (offline fallback)
2024-03-10,Sunday,March,3,2024,Long Rains,12,19.2,65.5,0.0,7.7,E,56,16.52,0.5,30.18,5.0,WARNING,WARNING,-1.0896,37.0105,KE-NBI-001,JKUAT Main Farm, Juja,Generated (offline fallback)
2024-03-11,Monday,March,3,2024,Long Rains,12,21.6,83.6,38.6,7.8,NW,41,19.28,0.37,36.06,0.0,CRITICAL,CRITICAL,-1.0896,37.0105,KE-NBI-001,JKUAT Main Farm, Juja,Generated (offline fallback)
2024-03-12,Tuesday,March,3,2024,Long Rains,12,24.7,73.7,0.0,13.8,NE,32,22.18,0.5,37.67,5.0,NORMAL,NORMAL,-1.0896,37.0105,KE-NBI-001,JKUAT Main Farm, Juja,Generated (offline fallback)
2024-03-13,Wednesday,March,3,2024,Long Rains,12,21.8,96.2,20.2,9.7,E,61,19.74,0.18,38.6,0.0,WARNING,WARNING,-1.0896,37.0105,KE-NBI-001,JKUAT Main Farm, Juja,Generated (offline fallback)
2024-03-14,Thursday,March,3,2024,Long Rains,12,24.6,89.1,6.2,14.0,NE,31,22.4,0.32,40.43,0.0,WARNING,WARNING,-1.0896,37.0105,KE-NBI-001,JKUAT Main Farm, Juja,Generated (offline fallback)
2024-03-15,Friday,March,3,2024,Long Rains,12,30.2,78.7,27.3,11.0,E,34,27.79,0.51,44.7,0.0,CRITICAL,CRITICAL,-1.0896,37.0105,KE-NBI-001,JKUAT Main Farm, Juja,Generated (offline fallback)
2024-03-16,Saturday,March,3,2024,Long Rains,12,20.8,71.6,32.6,8.4,E,66,18.24,0.47,33.01,0.0,CRITICAL,CRITICAL,-1.0896,37.0105,KE-NBI-001,JKUAT Main Farm, Juja,Generated (offline fallback)
2024-03-17,Sunday,March,3,2024,Long Rains,12,27.6,84.9,0.0,15.5,SW,40,25.31,0.41,43.0,5.0,NORMAL,NORMAL,-1.0896,37.0105,KE-NBI-001,JKUAT Main Farm, Juja,Generated (offline fallback)
2024-03-18,Monday,March,3,2024,Long Rains,12,24.1,91.0,21.8,13.5,SW,39,21.93,0.29,40.23,0.0,WARNING,WARNING,-1.0896,37.0105,KE-NBI-001,JKUAT Main Farm, Juja,Generated (offline fallback)
2024-03-19,Tuesday,March,3,2024,Long Rains,12,29.0,72.9,17.5,5.2,E,57,26.47,0.56,42.26,0.0,NORMAL,NORMAL,-1.0896,37.0105,KE-NBI-001,JKUAT Main Farm, Juja,Generated (offline fallback)
2024-03-20,Wednesday,March,3,2024,Long Rains,12,28.7,68.1,0.0,14.5,SW,58,26.07,0.6,41.02,5.0,NORMAL,NORMAL,-1.0896,37.0105,KE-NBI-001,JKUAT Main Farm, Juja,Generated (offline fallback)
2024-03-21,Thursday,March,3,2024,Long Rains,12,27.3,80.9,0.0,17.9,W,35,24.93,0.45,41.9,5.0,NORMAL,NORMAL,-1.0896,37.0105,KE-NBI-001,JKUAT Main Farm, Juja,Generated (offline fallback)
2024-03-22,Friday,March,3,2024,Long Rains,12,19.7,71.1,0.0,14.0,W,68,17.13,0.46,31.71,5.0,WARNING,WARNING,-1.0896,37.0105,KE-NBI-001,JKUAT Main Farm, Juja,Generated (offline fallback)
2024-03-23,Saturday,March,3,2024,Long Rains,12,22.3,82.2,0.0,8.7,S,34,19.96,0.39,36.58,5.0,NORMAL,NORMAL,-1.0896,37.0105,KE-NBI-001,JKUAT Main Farm, Juja,Generated (offline fallback)
2024-03-24,Sunday,March,3,2024,Long Rains,12,27.6,85.9,33.0,8.8,E,57,25.33,0.39,43.19,0.0,CRITICAL,CRITICAL,-1.0896,37.0105,KE-NBI-001,JKUAT Main Farm, Juja,Generated (offline fallback)
2024-03-25,Monday,March,3,2024,Long Rains,12,27.2,77.0,29.3,14.5,S,37,24.75,0.5,41.05,0.0,CRITICAL,CRITICAL,-1.0896,37.0105,KE-NBI-001,JKUAT Main Farm, Juja,Generated (offline fallback)
2024-03-26,Tuesday,March,3,2024,Long Rains,12,28.2,89.4,28.1,17.0,NE,36,26.0,0.34,44.54,0.0,CRITICAL,CRITICAL,-1.0896,37.0105,KE-NBI-001,JKUAT Main Farm, Juja,Generated (offline fallback)
2024-03-27,Wednesday,March,3,2024,Long Rains,12,23.5,68.0,9.8,16.3,E,35,20.87,0.54,35.31,0.0,NORMAL,NORMAL,-1.0896,37.0105,KE-NBI-001,JKUAT Main Farm, Juja,Generated (offline fallback)
2024-03-28,Thursday,March,3,2024,Long Rains,12,24.5,71.8,0.0,3.0,NW,38,21.95,0.52,37.1,5.0,NORMAL,NORMAL,-1.0896,37.0105,KE-NBI-001,JKUAT Main Farm, Juja,Generated (offline fallback)
2024-03-29,Friday,March,3,2024,Long Rains,12,18.5,83.9,0.0,9.1,SE,57,16.19,0.34,32.66,5.0,WARNING,WARNING,-1.0896,37.0105,KE-NBI-001,JKUAT Main Farm, Juja,Generated (offline fallback)
2024-03-30,Saturday,March,3,2024,Long Rains,12,20.3,84.9,3.2,15.8,SE,65,18.01,0.34,34.84,1.8,NORMAL,NORMAL,-1.0896,37.0105,KE-NBI-001,JKUAT Main Farm, Juja,Generated (offline fallback)
2024-03-31,Sunday,March,3,2024,Long Rains,12,17.9,85.7,33.4,14.5,W,56,15.63,0.31,32.31,0.0,CRITICAL,CRITICAL,-1.0896,37.0105,KE-NBI-001,JKUAT Main Farm, Juja,Generated (offline fallback)
2024-04-01,Monday,April,4,2024,Long Rains,12,23.4,86.3,27.9,8.7,NW,26,21.14,0.35,38.56,0.0,CRITICAL,CRITICAL,-1.0896,37.0105,KE-NBI-001,JKUAT Main Farm, Juja,Generated (offline fallback)
2024-04-02,Tuesday,April,4,2024,Long Rains,12,27.4,75.1,0.0,3.9,W,46,24.91,0.52,40.91,5.0,NORMAL,NORMAL,-1.0896,37.0105,KE-NBI-001,JKUAT Main Farm, Juja,Generated (offline fallback)
2024-04-03,Wednesday,April,4,2024,Long Rains,12,20.9,75.1,15.7,13.0,E,31,18.41,0.44,33.74,0.0,NORMAL,NORMAL,-1.0896,37.0105,KE-NBI-001,JKUAT Main Farm, Juja,Generated (offline fallback)
2024-04-04,Thursday,April,4,2024,Long Rains,12,28.5,97.7,39.9,9.5,NE,49,26.47,0.16,46.51,0.0,CRITICAL,CRITICAL,-1.0896,37.0105,KE-NBI-001,JKUAT Main Farm, Juja,Generated (offline fallback)
2024-04-05,Friday,April,4,2024,Long Rains,12,22.5,87.4,38.2,12.8,SE,30,20.26,0.33,37.76,0.0,CRITICAL,CRITICAL,-1.0896,37.0105,KE-NBI-001,JKUAT Main Farm, Juja,Generated (offline fallback)
2024-04-06,Saturday,April,4,2024,Long Rains,12,21.6,78.9,31.0,4.9,E,26,19.19,0.42,35.2,0.0,CRITICAL,CRITICAL,-1.0896,37.0105,KE-NBI-001,JKUAT Main Farm, Juja,Generated (offline fallback)
2024-04-07,Sunday,April,4,2024,Long Rains,12,23.0,83.6,33.3,13.0,SE,36,20.68,0.38,37.62,0.0,CRITICAL,CRITICAL,-1.0896,37.0105,KE-NBI-001,JKUAT Main Farm, Juja,Generated (offline fallback)
2024-04-08,Monday,April,4,2024,Long Rains,12,26.7,83.3,32.3,10.9,SW,64,24.38,0.42,41.69,0.0,CRITICAL,CRITICAL,-1.0896,37.0105,KE-NBI-001,JKUAT Main Farm, Juja,Generated (offline fallback)
2024-04-09,Tuesday,April,4,2024,Long Rains,12,27.1,76.4,0.0,10.1,E,39,24.64,0.5,40.83,5.0,NORMAL,NORMAL,-1.0896,37.0105,KE-NBI-001,JKUAT Main Farm, Juja,Generated (offline fallback)
2024-04-10,Wednesday,April,4,2024,Long Rains,12,24.9,72.6,8.5,2.1,SE,34,22.36,0.51,37.69,0.0,NORMAL,NORMAL,-1.0896,37.0105,KE-NBI-001,JKUAT Main Farm, Juja,Generated (offline fallback)
2024-04-11,Thursday,April,4,2024,Long Rains,12,23.8,98.0,28.0,6.4,S,46,21.77,0.14,41.21,0.0,CRITICAL,CRITICAL,-1.0896,37.0105,KE-NBI-001,JKUAT Main Farm, Juja,Generated (offline fallback)
2024-04-12,Friday,April,4,2024,Long Rains,12,27.7,86.1,0.0,5.3,SE,38,25.43,0.39,43.34,5.0,WARNING,WARNING,-1.0896,37.0105,KE-NBI-001,JKUAT Main Farm, Juja,Generated (offline fallback)
2024-04-13,Saturday,April,4,2024,Long Rains,12,26.5,86.3,9.8,6.9,N,43,24.24,0.38,42.04,0.0,WARNING,WARNING,-1.0896,37.0105,KE-NBI-001,JKUAT Main Farm, Juja,Generated (offline fallback)
2024-04-14,Sunday,April,4,2024,Long Rains,12,23.4,85.2,0.0,8.0,SW,26,21.12,0.36,38.36,5.0,WARNING,WARNING,-1.0896,37.0105,KE-NBI-001,JKUAT Main Farm, Juja,Generated (offline fallback)
2024-04-15,Monday,April,4,2024,Long Rains,12,25.7,88.5,33.5,11.7,NE,64,23.48,0.34,41.56,0.0,CRITICAL,CRITICAL,-1.0896,37.0105,KE-NBI-001,JKUAT Main Farm, Juja,Generated (offline fallback)
2024-04-16,Tuesday,April,4,2024,Long Rains,12,25.7,76.9,0.0,14.2,SW,50,23.25,0.48,39.37,5.0,NORMAL,NORMAL,-1.0896,37.0105,KE-NBI-001,JKUAT Main Farm, Juja,Generated (offline fallback)
2024-04-17,Wednesday,April,4,2024,Long Rains,12,27.1,89.8,29.5,10.8,W,45,24.91,0.33,43.38,0.0,CRITICAL,CRITICAL,-1.0896,37.0105,KE-NBI-001,JKUAT Main Farm, Juja,Generated (offline fallback)
2024-04-18,Thursday,April,4,2024,Long Rains,12,22.8,83.2,48.6,4.7,NE,47,20.48,0.38,37.32,0.0,CRITICAL,CRITICAL,-1.0896,37.0105,KE-NBI-001,JKUAT Main Farm, Juja,Generated (offline fallback)
2024-04-19,Friday,April,4,2024,Long Rains,12,23.3,90.8,20.4,6.4,NE,26,21.13,0.29,39.29,0.0,WARNING,WARNING,-1.0896,37.0105,KE-NBI-001,JKUAT Main Farm, Juja,Generated (offline fallback)
2024-04-20,Saturday,April,4,2024,Long Rains,12,27.5,74.6,0.0,11.6,NE,38,25.0,0.53,40.93,5.0,NORMAL,NORMAL,-1.0896,37.0105,KE-NBI-001,JKUAT Main Farm, Juja,Generated (offline fallback)
2024-04-21,Sunday,April,4,2024,Long Rains,12,20.3,98.0,20.7,8.1,SE,26,18.27,0.12,37.23,0.0,WARNING,WARNING,-1.0896,37.0105,KE-NBI-001,JKUAT Main Farm, Juja,Generated (offline fallback)
2024-04-22,Monday,April,4,2024,Long Rains,12,23.3,85.6,0.0,2.1,S,30,21.02,0.36,38.32,5.0,WARNING,WARNING,-1.0896,37.0105,KE-NBI-001,JKUAT Main Farm, Juja,Generated (offline fallback)
2024-04-23,Tuesday,April,4,2024,Long Rains,12,24.9,98.0,50.5,7.0,SW,64,22.87,0.14,42.46,0.0,CRITICAL,CRITICAL,-1.0896,37.0105,KE-NBI-001,JKUAT Main Farm, Juja,Generated (offline fallback)
2024-04-24,Wednesday,April,4,2024,Long Rains,12,26.6,92.0,48.5,4.4,NW,37,24.45,0.29,43.24,0.0,CRITICAL,CRITICAL,-1.0896,37.0105,KE-NBI-001,JKUAT Main Farm, Juja,Generated (offline fallback)
2024-04-25,Thursday,April,4,2024,Long Rains,12,23.6,77.9,0.0,12.5,E,33,21.17,0.45,37.23,5.0,NORMAL,NORMAL,-1.0896,37.0105,KE-NBI-001,JKUAT Main Farm, Juja,Generated (offline fallback)
2024-04-26,Friday,April,4,2024,Long Rains,12,19.6,98.0,19.7,10.4,SE,64,17.57,0.12,36.44,0.0,WARNING,WARNING,-1.0896,37.0105,KE-NBI-001,JKUAT Main Farm, Juja,Generated (offline fallback)
2024-04-27,Saturday,April,4,2024,Long Rains,12,21.5,93.6,11.4,4.2,SW,30,19.39,0.23,37.78,0.0,WARNING,WARNING,-1.0896,37.0105,KE-NBI-001,JKUAT Main Farm, Juja,Generated (offline fallback)
2024-04-28,Sunday,April,4,2024,Long Rains,12,21.1,82.6,54.8,10.7,E,48,18.76,0.37,35.32,0.0,CRITICAL,CRITICAL,-1.0896,37.0105,KE-NBI-001,JKUAT Main Farm, Juja,Generated (offline fallback)
2024-04-29,Monday,April,4,2024,Long Rains,12,27.2,89.4,20.4,4.0,SE,58,25.0,0.34,43.42,0.0,WARNING,WARNING,-1.0896,37.0105,KE-NBI-001,JKUAT Main Farm, Juja,Generated (offline fallback)
2024-04-30,Tuesday,April,4,2024,Long Rains,12,20.6,88.2,9.5,13.2,N,41,18.38,0.3,35.78,0.0,WARNING,WARNING,-1.0896,37.0105,KE-NBI-001,JKUAT Main Farm, Juja,Generated (offline fallback)
2024-05-01,Wednesday,May,5,2024,Long Rains,12,23.2,98.0,23.3,6.3,N,39,21.17,0.13,40.53,0.0,WARNING,WARNING,-1.0896,37.0105,KE-NBI-001,JKUAT Main Farm, Juja,Generated (offline fallback)
2024-05-02,Thursday,May,5,2024,Long Rains,12,27.4,97.8,22.0,12.0,W,35,25.37,0.15,45.27,0.0,WARNING,WARNING,-1.0896,37.0105,KE-NBI-001,JKUAT Main Farm, Juja,Generated (offline fallback)
2024-05-03,Friday,May,5,2024,Long Rains,12,25.8,84.7,3.8,6.3,W,35,23.51,0.39,40.95,1.2,NORMAL,NORMAL,-1.0896,37.0105,KE-NBI-001,JKUAT Main Farm, Juja,Generated (offline fallback)
2024-05-04,Saturday,May,5,2024,Long Rains,12,25.8,84.8,14.1,9.9,S,62,23.51,0.39,40.97,0.0,NORMAL,NORMAL,-1.0896,37.0105,KE-NBI-001,JKUAT Main Farm, Juja,Generated (offline fallback)
2024-05-05,Sunday,May,5,2024,Long Rains,12,22.6,67.6,0.0,15.9,S,47,19.96,0.53,34.26,5.0,NORMAL,NORMAL,-1.0896,37.0105,KE-NBI-001,JKUAT Main Farm, Juja,Generated (offline fallback)
2024-05-06,Monday,May,5,2024,Long Rains,12,17.7,98.0,22.8,13.6,NW,32,15.67,0.12,34.28,0.0,WARNING,WARNING,-1.0896,37.0105,KE-NBI-001,JKUAT Main Farm, Juja,Generated (offline fallback)
2024-05-07,Tuesday,May,5,2024,Long Rains,12,18.7,79.5,32.1,10.6,E,43,16.3,0.38,32.1,0.0,CRITICAL,CRITICAL,-1.0896,37.0105,KE-NBI-001,JKUAT Main Farm, Juja,Generated (offline fallback)
2024-05-08,Wednesday,May,5,2024,Long Rains,12,16.7,94.5,37.9,17.5,W,61,14.6,0.19,32.53,0.0,CRITICAL,CRITICAL,-1.0896,37.0105,KE-NBI-001,JKUAT Main Farm, Juja,Generated (offline fallback)
2024-05-09,Thursday,May,5,2024,Long Rains,12,25.7,87.4,38.5,4.2,SW,55,23.46,0.36,41.35,0.0,CRITICAL,CRITICAL,-1.0896,37.0105,KE-NBI-001,JKUAT Main Farm, Juja,Generated (offline fallback)
2024-05-10,Friday,May,5,2024,Long Rains,12,18.6,77.0,11.4,5.1,E,59,16.15,0.4,31.54,0.0,WARNING,WARNING,-1.0896,37.0105,KE-NBI-001,JKUAT Main Farm, Juja,Generated (offline fallback)
2024-05-11,Saturday,May,5,2024,Long Rains,12,24.9,71.3,0.0,6.1,S,32,22.34,0.53,37.45,5.0,NORMAL,NORMAL,-1.0896,37.0105,KE-NBI-001,JKUAT Main Farm, Juja,Generated (offline fallback)
2024-05-12,Sunday,May,5,2024,Long Rains,12,21.4,80.7,0.0,17.3,E,64,19.03,0.4,35.31,5.0,NORMAL,NORMAL,-1.0896,37.0105,KE-NBI-001,JKUAT Main Farm, Juja,Generated (offline fallback)
2024-05-13,Monday,May,5,2024,Long Rains,12,17.2,86.1,38.9,16.0,SE,32,14.93,0.3,31.6,0.0,CRITICAL,CRITICAL,-1.0896,37.0105,KE-NBI-001,JKUAT Main Farm, Juja,Generated (offline fallback)
2024-05-14,Tuesday,May,5,2024,Long Rains,12,24.8,68.7,0.0,6.7,SE,67,22.18,0.55,36.86,5.0,NORMAL,NORMAL,-1.0896,37.0105,KE-NBI-001,JKUAT Main Farm, Juja,Generated (offline fallback)
2024-05-15,Wednesday,May,5,2024,Long Rains,12,23.8,76.9,0.0,14.6,SW,57,21.35,0.46,37.27,5.0,NORMAL,NORMAL,-1.0896,37.0105,KE-NBI-001,JKUAT Main Farm, Juja,Generated (offline fallback)
2024-05-16,Thursday,May,5,2024,Long Rains,12,25.7,84.6,6.7,18.0,SW,43,23.4,0.39,40.82,0.0,NORMAL,NORMAL,-1.0896,37.0105,KE-NBI-001,JKUAT Main Farm, Juja,Generated (offline fallback)
2024-05-17,Friday,May,5,2024,Long Rains,12,23.3,78.0,12.0,11.1,W,33,20.87,0.44,36.92,0.0,NORMAL,NORMAL,-1.0896,37.0105,KE-NBI-001,JKUAT Main Farm, Juja,Generated (offline fallback)
2024-05-18,Saturday,May,5,2024,Long Rains,12,20.8,81.1,32.3,10.7,NW,61,18.43,0.39,34.71,0.0,CRITICAL,CRITICAL,-1.0896,37.0105,KE-NBI-001,JKUAT Main Farm, Juja,Generated (offline fallback)
2024-05-19,Sunday,May,5,2024,Long Rains,12,23.7,69.7,0.0,12.5,SE,41,21.1,0.53,35.84,5.0,NORMAL,NORMAL,-1.0896,37.0105,KE-NBI-001,JKUAT Main Farm, Juja,Generated (offline fallback)
2024-05-20,Monday,May,5,2024,Long Rains,12,22.8,93.2,43.7,5.0,NE,37,20.68,0.24,39.18,0.0,CRITICAL,CRITICAL,-1.0896,37.0105,KE-NBI-001,JKUAT Main Farm, Juja,Generated (offline fallback)
2024-05-21,Tuesday,May,5,2024,Long Rains,12,20.3,70.1,0.0,17.0,W,35,17.71,0.48,32.19,5.0,NORMAL,NORMAL,-1.0896,37.0105,KE-NBI-001,JKUAT Main Farm, Juja,Generated (offline fallback)
2024-05-22,Wednesday,May,5,2024,Long Rains,12,19.4,81.8,26.9,15.6,W,44,17.05,0.37,33.28,0.0,CRITICAL,CRITICAL,-1.0896,37.0105,KE-NBI-001,JKUAT Main Farm, Juja,Generated (offline fallback)
2024-05-23,Thursday,May,5,2024,Long Rains,12,20.6,68.4,0.0,12.9,NW,53,17.98,0.5,32.22,5.0,NORMAL,NORMAL,-1.0896,37.0105,KE-NBI-001,JKUAT Main Farm, Juja,Generated (offline fallback)
2024-05-24,Friday,May,5,2024,Long Rains,12,27.2,83.1,33.7,10.2,SW,55,24.87,0.43,42.21,0.0,CRITICAL,CRITICAL,-1.0896,37.0105,KE-NBI-001,JKUAT Main Farm, Juja,Generated (offline fallback)
2024-05-25,Saturday,May,5,2024,Long Rains,12,22.8,75.9,21.4,11.3,E,48,20.33,0.46,35.98,0.0,NORMAL,NORMAL,-1.0896,37.0105,KE-NBI-001,JKUAT Main Farm, Juja,Generated (offline fallback)
2024-05-26,Sunday,May,5,2024,Long Rains,12,20.3,87.2,27.0,11.0,E,35,18.06,0.31,35.26,0.0,CRITICAL,CRITICAL,-1.0896,37.0105,KE-NBI-001,JKUAT Main Farm, Juja,Generated (offline fallback)
2024-05-27,Monday,May,5,2024,Long Rains,12,26.9,86.6,0.0,7.0,SE,37,24.64,0.38,42.54,5.0,WARNING,WARNING,-1.0896,37.0105,KE-NBI-001,JKUAT Main Farm, Juja,Generated (offline fallback)
2024-05-28,Tuesday,May,5,2024,Long Rains,12,26.0,92.0,4.0,3.1,SW,64,23.85,0.28,42.56,1.0,WARNING,WARNING,-1.0896,37.0105,KE-NBI-001,JKUAT Main Farm, Juja,Generated (offline fallback)
2024-05-29,Wednesday,May,5,2024,Long Rains,12,19.1,98.0,44.5,15.5,S,61,17.07,0.12,35.87,0.0,CRITICAL,CRITICAL,-1.0896,37.0105,KE-NBI-001,JKUAT Main Farm, Juja,Generated (offline fallback)
2024-05-30,Thursday,May,5,2024,Long Rains,12,25.3,97.4,28.8,16.7,E,45,23.26,0.16,42.8,0.0,CRITICAL,CRITICAL,-1.0896,37.0105,KE-NBI-001,JKUAT Main Farm, Juja,Generated (offline fallback)
2024-05-31,Friday,May,5,2024,Long Rains,12,21.5,70.0,0.0,8.4,NE,65,18.91,0.5,33.49,5.0,NORMAL,NORMAL,-1.0896,37.0105,KE-NBI-001,JKUAT Main Farm, Juja,Generated (offline fallback)
2024-06-01,Saturday,June,6,2024,Dry (Jun-Aug),12,17.5,70.1,0.0,22.3,E,36,14.91,0.44,29.13,5.0,WARNING,WARNING,-1.0896,37.0105,KE-NBI-001,JKUAT Main Farm, Juja,Generated (offline fallback)
2024-06-02,Sunday,June,6,2024,Dry (Jun-Aug),12,22.1,60.1,0.0,17.3,SW,69,19.31,0.58,32.37,5.0,NORMAL,NORMAL,-1.0896,37.0105,KE-NBI-001,JKUAT Main Farm, Juja,Generated (offline fallback)
2024-06-03,Monday,June,6,2024,Dry (Jun-Aug),12,20.4,62.5,0.0,19.8,W,78,17.66,0.54,30.96,5.0,NORMAL,NORMAL,-1.0896,37.0105,KE-NBI-001,JKUAT Main Farm, Juja,Generated (offline fallback)
2024-06-04,Tuesday,June,6,2024,Dry (Jun-Aug),12,23.1,55.1,1.3,32.2,NW,42,20.21,0.63,32.56,3.7,NORMAL,NORMAL,-1.0896,37.0105,KE-NBI-001,JKUAT Main Farm, Juja,Generated (offline fallback)
2024-06-05,Wednesday,June,6,2024,Dry (Jun-Aug),12,16.5,60.8,2.1,15.8,E,36,13.72,0.49,26.44,2.9,WARNING,WARNING,-1.0896,37.0105,KE-NBI-001,JKUAT Main Farm, Juja,Generated (offline fallback)
2024-06-06,Thursday,June,6,2024,Dry (Jun-Aug),12,20.7,54.7,0.0,10.3,NE,61,17.8,0.6,29.91,5.0,NORMAL,NORMAL,-1.0896,37.0105,KE-NBI-001,JKUAT Main Farm, Juja,Generated (offline fallback)
2024-06-07,Friday,June,6,2024,Dry (Jun-Aug),12,24.2,72.4,0.0,27.0,NW,100,21.66,0.51,36.88,5.0,WARNING,WARNING,-1.0896,37.0105,KE-NBI-001,JKUAT Main Farm, Juja,Generated (offline fallback)
2024-06-08,Saturday,June,6,2024,Dry (Jun-Aug),12,15.6,54.5,0.0,13.6,S,82,12.7,0.52,24.41,5.0,WARNING,WARNING,-1.0896,37.0105,KE-NBI-001,JKUAT Main Farm, Juja,Generated (offline fallback)
2024-06-09,Sunday,June,6,2024,Dry (Jun-Aug),12,19.9,61.2,0.0,10.9,SW,50,17.13,0.54,30.19,5.0,WARNING,WARNING,-1.0896,37.0105,KE-NBI-001,JKUAT Main Farm, Juja,Generated (offline fallback)
2024-06-10,Monday,June,6,2024,Dry (Jun-Aug),12,19.1,70.3,0.3,15.5,NW,83,16.52,0.46,30.91,4.7,WARNING,WARNING,-1.0896,37.0105,KE-NBI-001,JKUAT Main Farm, Juja,Generated (offline fallback)
2024-06-11,Tuesday,June,6,2024,Dry (Jun-Aug),12,19.6,54.9,0.0,27.0,W,94,16.71,0.58,28.77,5.0,WARNING,WARNING,-1.0896,37.0105,KE-NBI-001,JKUAT Main Farm, Juja,Generated (offline fallback)
2024-06-12,Wednesday,June,6,2024,Dry (Jun-Aug),12,20.1,54.7,0.0,31.4,SW,104,17.2,0.59,29.27,5.0,WARNING,WARNING,-1.0896,37.0105,KE-NBI-001,JKUAT Main Farm, Juja,Generated (offline fallback)
2024-06-13,Thursday,June,6,2024,Dry (Jun-Aug),12,21.5,50.2,0.0,13.1,W,48,18.51,0.64,29.98,5.0,NORMAL,NORMAL,-1.0896,37.0105,KE-NBI-001,JKUAT Main Farm, Juja,Generated (offline fallback)
2024-06-14,Friday,June,6,2024,Dry (Jun-Aug),12,16.5,71.5,0.0,19.5,SW,37,13.94,0.42,28.28,5.0,WARNING,WARNING,-1.0896,37.0105,KE-NBI-001,JKUAT Main Farm, Juja,Generated (offline fallback)
2024-06-15,Saturday,June,6,2024,Dry (Jun-Aug),12,18.2,72.0,0.0,8.7,E,63,15.65,0.44,30.23,5.0,WARNING,WARNING,-1.0896,37.0105,KE-NBI-001,JKUAT Main Farm, Juja,Generated (offline fallback)
2024-06-16,Sunday,June,6,2024,Dry (Jun-Aug),12,23.1,74.8,0.0,23.2,NW,70,20.61,0.47,36.11,5.0,NORMAL,NORMAL,-1.0896,37.0105,KE-NBI-001,JKUAT Main Farm, Juja,Generated (offline fallback)
2024-06-17,Monday,June,6,2024,Dry (Jun-Aug),12,23.6,69.1,0.0,21.0,N,46,20.99,0.53,35.62,5.0,NORMAL,NORMAL,-1.0896,37.0105,KE-NBI-001,JKUAT Main Farm, Juja,Generated (offline fallback)
2024-06-18,Tuesday,June,6,2024,Dry (Jun-Aug),12,19.1,69.9,0.0,21.8,SW,35,16.51,0.47,30.84,5.0,WARNING,WARNING,-1.0896,37.0105,KE-NBI-001,JKUAT Main Farm, Juja,Generated (offline fallback)
2024-06-19,Wednesday,June,6,2024,Dry (Jun-Aug),12,15.5,67.6,10.4,13.4,E,45,12.86,0.44,26.52,0.0,WARNING,WARNING,-1.0896,37.0105,KE-NBI-001,JKUAT Main Farm, Juja,Generated (offline fallback)
2024-06-20,Thursday,June,6,2024,Dry (Jun-Aug),12,21.0,74.0,0.0,18.6,NW,83,18.49,0.46,33.65,5.0,NORMAL,NORMAL,-1.0896,37.0105,KE-NBI-001,JKUAT Main Farm, Juja,Generated (offline fallback)
2024-06-21,Friday,June,6,2024,Dry (Jun-Aug),12,26.6,57.0,0.0,25.7,W,63,23.75,0.67,36.67,5.0,NORMAL,NORMAL,-1.0896,37.0105,KE-NBI-001,JKUAT Main Farm, Juja,Generated (offline fallback)
2024-06-22,Saturday,June,6,2024,Dry (Jun-Aug),12,21.3,56.2,0.0,13.5,N,52,18.43,0.6,30.82,5.0,NORMAL,NORMAL,-1.0896,37.0105,KE-NBI-001,JKUAT Main Farm, Juja,Generated (offline fallback)
2024-06-23,Sunday,June,6,2024,Dry (Jun-Aug),12,20.0,60.7,0.0,27.5,S,94,17.22,0.55,30.21,5.0,NORMAL,NORMAL,-1.0896,37.0105,KE-NBI-001,JKUAT Main Farm, Juja,Generated (offline fallback)
2024-06-24,Monday,June,6,2024,Dry (Jun-Aug),12,18.3,56.1,1.4,25.0,S,40,15.43,0.55,27.58,3.6,WARNING,WARNING,-1.0896,37.0105,KE-NBI-001,JKUAT Main Farm, Juja,Generated (offline fallback)
2024-06-25,Tuesday,June,6,2024,Dry (Jun-Aug),12,16.7,63.9,0.0,8.8,E,62,13.99,0.48,27.19,5.0,WARNING,WARNING,-1.0896,37.0105,KE-NBI-001,JKUAT Main Farm, Juja,Generated (offline fallback)
2024-06-26,Wednesday,June,6,2024,Dry (Jun-Aug),12,20.6,59.4,0.0,9.3,E,69,17.8,0.56,30.63,5.0,NORMAL,NORMAL,-1.0896,37.0105,KE-NBI-001,JKUAT Main Farm, Juja,Generated (offline fallback)
2024-06-27,Thursday,June,6,2024,Dry (Jun-Aug),12,23.2,57.5,0.0,16.3,N,82,20.36,0.61,33.1,5.0,NORMAL,NORMAL,-1.0896,37.0105,KE-NBI-001,JKUAT Main Farm, Juja,Generated (offline fallback)
2024-06-28,Friday,June,6,2024,Dry (Jun-Aug),12,17.7,71.5,0.0,15.9,E,83,15.14,0.44,29.59,5.0,WARNING,WARNING,-1.0896,37.0105,KE-NBI-001,JKUAT Main Farm, Juja,Generated (offline fallback)
2024-06-29,Saturday,June,6,2024,Dry (Jun-Aug),12,17.3,62.0,0.0,29.2,E,59,14.55,0.5,27.51,5.0,WARNING,WARNING,-1.0896,37.0105,KE-NBI-001,JKUAT Main Farm, Juja,Generated (offline fallback)
2024-06-30,Sunday,June,6,2024,Dry (Jun-Aug),12,24.5,69.0,0.0,20.2,NE,62,21.89,0.54,36.59,5.0,NORMAL,NORMAL,-1.0896,37.0105,KE-NBI-001,JKUAT Main Farm, Juja,Generated (offline fallback)
2024-07-01,Monday,July,7,2024,Dry (Jun-Aug),12,16.9,66.7,0.0,36.2,S,64,14.24,0.46,27.89,5.0,WARNING,WARNING,-1.0896,37.0105,KE-NBI-001,JKUAT Main Farm, Juja,Generated (offline fallback)
2024-07-02,Tuesday,July,7,2024,Dry (Jun-Aug),12,13.9,53.4,0.0,31.6,N,95,10.98,0.5,22.41,5.0,WARNING,WARNING,-1.0896,37.0105,KE-NBI-001,JKUAT Main Farm, Juja,Generated (offline fallback)
2024-07-03,Wednesday,July,7,2024,Dry (Jun-Aug),12,19.8,56.7,0.0,12.9,SE,43,16.94,0.57,29.3,5.0,WARNING,WARNING,-1.0896,37.0105,KE-NBI-001,JKUAT Main Farm, Juja,Generated (offline fallback)
2024-07-04,Thursday,July,7,2024,Dry (Jun-Aug),12,13.9,61.0,0.0,19.1,S,74,11.13,0.46,23.67,5.0,WARNING,WARNING,-1.0896,37.0105,KE-NBI-001,JKUAT Main Farm, Juja,Generated (offline fallback)
2024-07-05,Friday,July,7,2024,Dry (Jun-Aug),12,14.5,63.9,0.0,33.7,E,62,11.79,0.45,24.81,5.0,WARNING,WARNING,-1.0896,37.0105,KE-NBI-001,JKUAT Main Farm, Juja,Generated (offline fallback)
2024-07-06,Saturday,July,7,2024,Dry (Jun-Aug),12,18.0,70.6,0.0,24.1,NW,52,15.42,0.45,29.76,5.0,WARNING,WARNING,-1.0896,37.0105,KE-NBI-001,JKUAT Main Farm, Juja,Generated (offline fallback)
2024-07-07,Sunday,July,7,2024,Dry (Jun-Aug),12,15.2,59.3,0.0,33.0,E,106,12.39,0.48,24.79,5.0,WARNING,WARNING,-1.0896,37.0105,KE-NBI-001,JKUAT Main Farm, Juja,Generated (offline fallback)
2024-07-08,Monday,July,7,2024,Dry (Jun-Aug),12,20.1,59.9,0.0,17.3,NE,62,17.31,0.55,30.18,5.0,NORMAL,NORMAL,-1.0896,37.0105,KE-NBI-001,JKUAT Main Farm, Juja,Generated (offline fallback)
2024-07-09,Tuesday,July,7,2024,Dry (Jun-Aug),12,15.4,52.9,0.0,33.1,NE,114,12.47,0.52,23.93,5.0,WARNING,WARNING,-1.0896,37.0105,KE-NBI-001,JKUAT Main Farm, Juja,Generated (offline fallback)
2024-07-10,Wednesday,July,7,2024,Dry (Jun-Aug),12,23.3,57.2,2.7,17.8,N,86,20.45,0.62,33.15,2.3,NORMAL,NORMAL,-1.0896,37.0105,KE-NBI-001,JKUAT Main Farm, Juja,Generated (offline fallback)
2024-07-11,Thursday,July,7,2024,Dry (Jun-Aug),12,18.9,65.9,0.0,31.1,NW,74,16.23,0.49,29.92,5.0,WARNING,WARNING,-1.0896,37.0105,KE-NBI-001,JKUAT Main Farm, Juja,Generated (offline fallback)
2024-07-12,Friday,July,7,2024,Dry (Jun-Aug),12,23.6,55.6,5.3,36.2,S,48,20.72,0.63,33.19,0.0,NORMAL,NORMAL,-1.0896,37.0105,KE-NBI-001,JKUAT Main Farm, Juja,Generated (offline fallback)
2024-07-13,Saturday,July,7,2024,Dry (Jun-Aug),12,22.7,51.6,0.0,14.7,NW,66,19.74,0.65,31.51,5.0,NORMAL,NORMAL,-1.0896,37.0105,KE-NBI-001,JKUAT Main Farm, Juja,Generated (offline fallback)
2024-07-14,Sunday,July,7,2024,Dry (Jun-Aug),12,14.0,61.5,0.0,17.0,NE,81,11.24,0.45,23.86,5.0,WARNING,WARNING,-1.0896,37.0105,KE-NBI-001,JKUAT Main Farm, Juja,Generated (offline fallback)
2024-07-15,Monday,July,7,2024,Dry (Jun-Aug),12,18.8,68.1,0.0,14.3,N,55,16.17,0.48,30.2,5.0,WARNING,WARNING,-1.0896,37.0105,KE-NBI-001,JKUAT Main Farm, Juja,Generated (offline fallback)
2024-07-16,Tuesday,July,7,2024,Dry (Jun-Aug),12,20.4,70.2,6.8,19.7,W,56,17.81,0.48,32.32,0.0,NORMAL,NORMAL,-1.0896,37.0105,KE-NBI-001,JKUAT Main Farm, Juja,Generated (offline fallback)
2024-07-17,Wednesday,July,7,2024,Dry (Jun-Aug),12,15.7,66.9,0.0,21.7,N,73,13.05,0.44,26.62,5.0,WARNING,WARNING,-1.0896,37.0105,KE-NBI-001,JKUAT Main Farm, Juja,Generated (offline fallback)
2024-07-18,Thursday,July,7,2024,Dry (Jun-Aug),12,22.7,69.7,3.1,26.8,E,64,20.1,0.51,34.75,1.9,NORMAL,NORMAL,-1.0896,37.0105,KE-NBI-001,JKUAT Main Farm, Juja,Generated (offline fallback)
2024-07-19,Friday,July,7,2024,Dry (Jun-Aug),12,14.9,57.0,0.0,30.3,S,85,12.05,0.49,24.08,5.0,WARNING,WARNING,-1.0896,37.0105,KE-NBI-001,JKUAT Main Farm, Juja,Generated (offline fallback)
2024-07-20,Saturday,July,7,2024,Dry (Jun-Aug),12,18.7,69.5,0.0,28.3,W,115,16.1,0.46,30.34,5.0,WARNING,WARNING,-1.0896,37.0105,KE-NBI-001,JKUAT Main Farm, Juja,Generated (offline fallback)
2024-07-21,Sunday,July,7,2024,Dry (Jun-Aug),12,16.6,59.4,0.0,21.1,NW,87,13.8,0.5,26.31,5.0,WARNING,WARNING,-1.0896,37.0105,KE-NBI-001,JKUAT Main Farm, Juja,Generated (offline fallback)
2024-07-22,Monday,July,7,2024,Dry (Jun-Aug),12,19.9,52.7,0.0,21.0,SW,46,16.96,0.6,28.71,5.0,WARNING,WARNING,-1.0896,37.0105,KE-NBI-001,JKUAT Main Farm, Juja,Generated (offline fallback)
2024-07-23,Tuesday,July,7,2024,Dry (Jun-Aug),12,15.8,62.2,0.0,25.8,E,82,13.05,0.48,25.93,5.0,WARNING,WARNING,-1.0896,37.0105,KE-NBI-001,JKUAT Main Farm, Juja,Generated (offline fallback)
2024-07-24,Wednesday,July,7,2024,Dry (Jun-Aug),12,14.7,62.8,0.0,17.0,SW,58,11.97,0.46,24.84,5.0,WARNING,WARNING,-1.0896,37.0105,KE-NBI-001,JKUAT Main Farm, Juja,Generated (offline fallback)
2024-07-25,Thursday,July,7,2024,Dry (Jun-Aug),12,21.3,55.1,0.0,16.1,SE,54,18.41,0.6,30.63,5.0,NORMAL,NORMAL,-1.0896,37.0105,KE-NBI-001,JKUAT Main Farm, Juja,Generated (offline fallback)
2024-07-26,Friday,July,7,2024,Dry (Jun-Aug),12,13.6,57.6,0.0,28.0,E,107,10.76,0.47,22.78,5.0,WARNING,WARNING,-1.0896,37.0105,KE-NBI-001,JKUAT Main Farm, Juja,Generated (offline fallback)
2024-07-27,Saturday,July,7,2024,Dry (Jun-Aug),12,16.3,52.9,0.0,13.4,W,47,13.37,0.54,24.9,5.0,WARNING,WARNING,-1.0896,37.0105,KE-NBI-001,JKUAT Main Farm, Juja,Generated (offline fallback)
2024-07-28,Sunday,July,7,2024,Dry (Jun-Aug),12,24.6,54.4,0.0,20.6,NW,83,21.7,0.66,34.05,5.0,NORMAL,NORMAL,-1.0896,37.0105,KE-NBI-001,JKUAT Main Farm, Juja,Generated (offline fallback)
2024-07-29,Monday,July,7,2024,Dry (Jun-Aug),12,17.7,64.3,0.0,26.3,SE,109,15.0,0.49,28.34,5.0,WARNING,WARNING,-1.0896,37.0105,KE-NBI-001,JKUAT Main Farm, Juja,Generated (offline fallback)
2024-07-30,Tuesday,July,7,2024,Dry (Jun-Aug),12,22.7,58.2,0.0,34.2,SW,84,19.87,0.6,32.68,5.0,NORMAL,NORMAL,-1.0896,37.0105,KE-NBI-001,JKUAT Main Farm, Juja,Generated (offline fallback)
2024-07-31,Wednesday,July,7,2024,Dry (Jun-Aug),12,18.9,58.9,0.0,21.6,N,71,16.09,0.54,28.71,5.0,WARNING,WARNING,-1.0896,37.0105,KE-NBI-001,JKUAT Main Farm, Juja,Generated (offline fallback)
2024-08-01,Thursday,August,8,2024,Dry (Jun-Aug),12,16.5,54.8,5.0,34.0,E,84,13.6,0.53,25.43,0.0,WARNING,WARNING,-1.0896,37.0105,KE-NBI-001,JKUAT Main Farm, Juja,Generated (offline fallback)
2024-08-02,Friday,August,8,2024,Dry (Jun-Aug),12,16.8,63.2,0.0,26.5,NE,92,14.07,0.48,27.18,5.0,WARNING,WARNING,-1.0896,37.0105,KE-NBI-001,JKUAT Main Farm, Juja,Generated (offline fallback)
2024-08-03,Saturday,August,8,2024,Dry (Jun-Aug),12,23.1,61.2,0.0,10.3,W,77,20.33,0.59,33.65,5.0,NORMAL,NORMAL,-1.0896,37.0105,KE-NBI-001,JKUAT Main Farm, Juja,Generated (offline fallback)
2024-08-04,Sunday,August,8,2024,Dry (Jun-Aug),12,23.5,64.5,8.7,26.4,N,63,20.8,0.57,34.68,0.0,NORMAL,NORMAL,-1.0896,37.0105,KE-NBI-001,JKUAT Main Farm, Juja,Generated (offline fallback)
2024-08-05,Monday,August,8,2024,Dry (Jun-Aug),12,18.3,63.2,0.0,14.9,SE,75,15.57,0.5,28.8,5.0,WARNING,WARNING,-1.0896,37.0105,KE-NBI-001,JKUAT Main Farm, Juja,Generated (offline fallback)
2024-08-06,Tuesday,August,8,2024,Dry (Jun-Aug),12,20.1,68.7,0.0,21.3,N,66,17.48,0.49,31.72,5.0,NORMAL,NORMAL,-1.0896,37.0105,KE-NBI-001,JKUAT Main Farm, Juja,Generated (offline fallback)
2024-08-07,Wednesday,August,8,2024,Dry (Jun-Aug),12,21.8,49.2,0.0,28.0,S,89,18.79,0.65,30.13,5.0,NORMAL,NORMAL,-1.0896,37.0105,KE-NBI-001,JKUAT Main Farm, Juja,Generated (offline fallback)
2024-08-08,Thursday,August,8,2024,Dry (Jun-Aug),12,22.9,59.2,0.0,37.9,NE,109,20.09,0.6,33.08,5.0,WARNING,WARNING,-1.0896,37.0105,KE-NBI-001,JKUAT Main Farm, Juja,Generated (offline fallback)
2024-08-09,Friday,August,8,2024,Dry (Jun-Aug),12,19.1,58.3,0.0,17.4,E,59,16.27,0.55,28.82,5.0,WARNING,WARNING,-1.0896,37.0105,KE-NBI-001,JKUAT Main Farm, Juja,Generated (offline fallback)
2024-08-10,Saturday,August,8,2024,Dry (Jun-Aug),12,21.9,62.6,0.0,19.9,W,57,19.16,0.56,32.6,5.0,NORMAL,NORMAL,-1.0896,37.0105,KE-NBI-001,JKUAT Main Farm, Juja,Generated (offline fallback)
2024-08-11,Sunday,August,8,2024,Dry (Jun-Aug),12,17.4,58.9,0.0,19.4,NW,78,14.59,0.52,27.09,5.0,WARNING,WARNING,-1.0896,37.0105,KE-NBI-001,JKUAT Main Farm, Juja,Generated (offline fallback)
2024-08-12,Monday,August,8,2024,Dry (Jun-Aug),12,16.5,69.6,1.7,23.2,S,69,13.9,0.43,27.95,3.3,WARNING,WARNING,-1.0896,37.0105,KE-NBI-001,JKUAT Main Farm, Juja,Generated (offline fallback)
2024-08-13,Tuesday,August,8,2024,Dry (Jun-Aug),12,18.2,72.3,0.0,35.6,W,83,15.66,0.44,30.28,5.0,WARNING,WARNING,-1.0896,37.0105,KE-NBI-001,JKUAT Main Farm, Juja,Generated (offline fallback)
2024-08-14,Wednesday,August,8,2024,Dry (Jun-Aug),12,17.8,70.9,0.0,17.7,NE,84,15.23,0.44,29.6,5.0,WARNING,WARNING,-1.0896,37.0105,KE-NBI-001,JKUAT Main Farm, Juja,Generated (offline fallback)
2024-08-15,Thursday,August,8,2024,Dry (Jun-Aug),12,22.6,63.3,3.8,34.5,N,82,19.88,0.56,33.48,1.2,NORMAL,NORMAL,-1.0896,37.0105,KE-NBI-001,JKUAT Main Farm, Juja,Generated (offline fallback)
2024-08-16,Friday,August,8,2024,Dry (Jun-Aug),12,20.0,61.9,3.1,14.5,SW,52,17.25,0.54,30.42,1.9,NORMAL,NORMAL,-1.0896,37.0105,KE-NBI-001,JKUAT Main Farm, Juja,Generated (offline fallback)
2024-08-17,Saturday,August,8,2024,Dry (Jun-Aug),12,16.1,64.1,0.0,13.6,SE,42,13.39,0.47,26.57,5.0,WARNING,WARNING,-1.0896,37.0105,KE-NBI-001,JKUAT Main Farm, Juja,Generated (offline fallback)
2024-08-18,Sunday,August,8,2024,Dry (Jun-Aug),12,18.6,66.8,0.0,22.9,NE,78,15.95,0.48,29.75,5.0,WARNING,WARNING,-1.0896,37.0105,KE-NBI-001,JKUAT Main Farm, Juja,Generated (offline fallback)
2024-08-19,Monday,August,8,2024,Dry (Jun-Aug),12,17.1,49.9,0.0,18.6,W,82,14.11,0.57,25.24,5.0,WARNING,WARNING,-1.0896,37.0105,KE-NBI-001,JKUAT Main Farm, Juja,Generated (offline fallback)
2024-08-20,Tuesday,August,8,2024,Dry (Jun-Aug),12,20.9,49.3,0.0,32.0,W,91,17.89,0.63,29.19,5.0,NORMAL,NORMAL,-1.0896,37.0105,KE-NBI-001,JKUAT Main Farm, Juja,Generated (offline fallback)
2024-08-21,Wednesday,August,8,2024,Dry (Jun-Aug),12,18.8,66.2,0.0,28.5,SW,98,16.13,0.49,29.87,5.0,WARNING,WARNING,-1.0896,37.0105,KE-NBI-001,JKUAT Main Farm, Juja,Generated (offline fallback)
2024-08-22,Thursday,August,8,2024,Dry (Jun-Aug),12,16.8,60.6,0.0,30.5,SW,94,14.02,0.5,26.73,5.0,WARNING,WARNING,-1.0896,37.0105,KE-NBI-001,JKUAT Main Farm, Juja,Generated (offline fallback)
2024-08-23,Friday,August,8,2024,Dry (Jun-Aug),12,15.8,69.2,6.8,14.7,NW,55,13.19,0.43,27.12,0.0,WARNING,WARNING,-1.0896,37.0105,KE-NBI-001,JKUAT Main Farm, Juja,Generated (offline fallback)
2024-08-24,Saturday,August,8,2024,Dry (Jun-Aug),12,22.7,54.0,0.0,10.6,N,61,19.79,0.63,31.94,5.0,NORMAL,NORMAL,-1.0896,37.0105,KE-NBI-001,JKUAT Main Farm, Juja,Generated (offline fallback)
2024-08-25,Sunday,August,8,2024,Dry (Jun-Aug),12,23.8,49.1,0.0,21.8,W,82,20.79,0.68,32.24,5.0,NORMAL,NORMAL,-1.0896,37.0105,KE-NBI-001,JKUAT Main Farm, Juja,Generated (offline fallback)
2024-08-26,Monday,August,8,2024,Dry (Jun-Aug),12,23.2,70.4,0.8,18.9,SW,87,20.62,0.51,35.42,4.2,NORMAL,NORMAL,-1.0896,37.0105,KE-NBI-001,JKUAT Main Farm, Juja,Generated (offline fallback)
2024-08-27,Tuesday,August,8,2024,Dry (Jun-Aug),12,16.1,72.9,0.0,25.3,S,110,13.57,0.41,28.08,5.0,WARNING,WARNING,-1.0896,37.0105,KE-NBI-001,JKUAT Main Farm, Juja,Generated (offline fallback)
2024-08-28,Wednesday,August,8,2024,Dry (Jun-Aug),12,18.2,58.7,0.0,23.8,N,62,15.38,0.53,27.92,5.0,WARNING,WARNING,-1.0896,37.0105,KE-NBI-001,JKUAT Main Farm, Juja,Generated (offline fallback)
2024-08-29,Thursday,August,8,2024,Dry (Jun-Aug),12,18.7,64.7,0.0,18.2,NW,64,16.0,0.5,29.5,5.0,WARNING,WARNING,-1.0896,37.0105,KE-NBI-001,JKUAT Main Farm, Juja,Generated (offline fallback)
2024-08-30,Friday,August,8,2024,Dry (Jun-Aug),12,20.9,72.2,0.0,19.3,NE,44,18.35,0.47,33.22,5.0,NORMAL,NORMAL,-1.0896,37.0105,KE-NBI-001,JKUAT Main Farm, Juja,Generated (offline fallback)
2024-08-31,Saturday,August,8,2024,Dry (Jun-Aug),12,18.6,61.5,0.0,17.6,S,47,15.84,0.52,28.83,5.0,WARNING,WARNING,-1.0896,37.0105,KE-NBI-001,JKUAT Main Farm, Juja,Generated (offline fallback)
2024-09-01,Sunday,September,9,2024,Short Rains,12,26.0,80.6,8.2,6.9,S,59,23.62,0.44,40.4,0.0,NORMAL,NORMAL,-1.0896,37.0105,KE-NBI-001,JKUAT Main Farm, Juja,Generated (offline fallback)
2024-09-02,Monday,September,9,2024,Short Rains,12,20.7,88.8,10.9,9.0,NE,57,18.49,0.3,36.0,0.0,WARNING,WARNING,-1.0896,37.0105,KE-NBI-001,JKUAT Main Farm, Juja,Generated (offline fallback)
2024-09-03,Tuesday,September,9,2024,Short Rains,12,23.2,83.8,23.6,21.9,NE,70,20.89,0.38,37.88,0.0,NORMAL,NORMAL,-1.0896,37.0105,KE-NBI-001,JKUAT Main Farm, Juja,Generated (offline fallback)
2024-09-04,Wednesday,September,9,2024,Short Rains,12,17.9,71.0,12.9,10.3,SE,49,15.33,0.44,29.72,0.0,WARNING,WARNING,-1.0896,37.0105,KE-NBI-001,JKUAT Main Farm, Juja,Generated (offline fallback)
2024-09-05,Thursday,September,9,2024,Short Rains,12,27.5,74.2,11.4,7.8,S,30,24.99,0.53,40.85,0.0,NORMAL,NORMAL,-1.0896,37.0105,KE-NBI-001,JKUAT Main Farm, Juja,Generated (offline fallback)
2024-09-06,Friday,September,9,2024,Short Rains,12,22.9,66.5,0.0,24.0,N,74,20.24,0.54,34.39,5.0,NORMAL,NORMAL,-1.0896,37.0105,KE-NBI-001,JKUAT Main Farm, Juja,Generated (offline fallback)
2024-09-07,Saturday,September,9,2024,Short Rains,12,19.3,67.4,17.6,10.2,S,45,16.66,0.49,30.62,0.0,WARNING,WARNING,-1.0896,37.0105,KE-NBI-001,JKUAT Main Farm, Juja,Generated (offline fallback)
2024-09-08,Sunday,September,9,2024,Short Rains,12,22.7,88.1,27.1,14.2,W,64,20.47,0.32,38.11,0.0,CRITICAL,CRITICAL,-1.0896,37.0105,KE-NBI-001,JKUAT Main Farm, Juja,Generated (offline fallback)
2024-09-09,Monday,September,9,2024,Short Rains,12,26.2,79.2,17.5,22.2,W,66,23.8,0.46,40.36,0.0,NORMAL,NORMAL,-1.0896,37.0105,KE-NBI-001,JKUAT Main Farm, Juja,Generated (offline fallback)
2024-09-10,Tuesday,September,9,2024,Short Rains,12,25.6,69.9,0.0,13.6,SE,53,23.01,0.55,37.96,5.0,NORMAL,NORMAL,-1.0896,37.0105,KE-NBI-001,JKUAT Main Farm, Juja,Generated (offline fallback)
2024-09-11,Wednesday,September,9,2024,Short Rains,12,18.7,82.4,14.8,12.2,W,43,16.36,0.35,32.61,0.0,WARNING,WARNING,-1.0896,37.0105,KE-NBI-001,JKUAT Main Farm, Juja,Generated (offline fallback)
2024-09-12,Thursday,September,9,2024,Short Rains,12,20.5,76.5,0.0,20.6,S,45,18.04,0.43,33.55,5.0,NORMAL,NORMAL,-1.0896,37.0105,KE-NBI-001,JKUAT Main Farm, Juja,Generated (offline fallback)
2024-09-13,Friday,September,9,2024,Short Rains,12,19.4,62.5,0.0,9.7,N,42,16.66,0.52,29.87,5.0,WARNING,WARNING,-1.0896,37.0105,KE-NBI-001,JKUAT Main Farm, Juja,Generated (offline fallback)
2024-09-14,Saturday,September,9,2024,Short Rains,12,27.5,82.0,0.0,24.9,NE,56,25.15,0.44,42.33,5.0,NORMAL,NORMAL,-1.0896,37.0105,KE-NBI-001,JKUAT Main Farm, Juja,Generated (offline fallback)
2024-09-15,Sunday,September,9,2024,Short Rains,12,27.0,67.4,0.0,6.5,SE,73,24.36,0.59,39.03,5.0,NORMAL,NORMAL,-1.0896,37.0105,KE-NBI-001,JKUAT Main Farm, Juja,Generated (offline fallback)
2024-09-16,Monday,September,9,2024,Short Rains,12,19.5,74.3,17.4,19.7,E,42,17.0,0.43,32.06,0.0,WARNING,WARNING,-1.0896,37.0105,KE-NBI-001,JKUAT Main Farm, Juja,Generated (offline fallback)
2024-09-17,Tuesday,September,9,2024,Short Rains,12,16.3,71.2,13.8,9.9,E,31,13.73,0.42,28.01,0.0,WARNING,WARNING,-1.0896,37.0105,KE-NBI-001,JKUAT Main Farm, Juja,Generated (offline fallback)
2024-09-18,Wednesday,September,9,2024,Short Rains,12,24.6,68.5,26.8,6.3,SE,44,21.98,0.55,36.61,0.0,CRITICAL,CRITICAL,-1.0896,37.0105,KE-NBI-001,JKUAT Main Farm, Juja,Generated (offline fallback)
2024-09-19,Thursday,September,9,2024,Short Rains,12,23.5,78.1,0.0,20.8,W,56,21.07,0.44,37.16,5.0,NORMAL,NORMAL,-1.0896,37.0105,KE-NBI-001,JKUAT Main Farm, Juja,Generated (offline fallback)
2024-09-20,Friday,September,9,2024,Short Rains,12,28.3,66.1,26.2,12.0,NE,30,25.63,0.62,40.2,0.0,CRITICAL,CRITICAL,-1.0896,37.0105,KE-NBI-001,JKUAT Main Farm, Juja,Generated (offline fallback)
2024-09-21,Saturday,September,9,2024,Short Rains,12,17.3,76.1,7.1,6.6,N,59,14.83,0.39,29.95,0.0,WARNING,WARNING,-1.0896,37.0105,KE-NBI-001,JKUAT Main Farm, Juja,Generated (offline fallback)
2024-09-22,Sunday,September,9,2024,Short Rains,12,25.7,75.4,0.0,20.8,E,38,23.22,0.5,39.09,5.0,NORMAL,NORMAL,-1.0896,37.0105,KE-NBI-001,JKUAT Main Farm, Juja,Generated (offline fallback)
2024-09-23,Monday,September,9,2024,Short Rains,12,21.0,64.9,0.0,22.6,W,58,18.31,0.53,32.03,5.0,NORMAL,NORMAL,-1.0896,37.0105,KE-NBI-001,JKUAT Main Farm, Juja,Generated (offline fallback)
2024-09-24,Tuesday,September,9,2024,Short Rains,12,17.2,75.7,23.6,9.8,NW,35,14.73,0.4,29.77,0.0,WARNING,WARNING,-1.0896,37.0105,KE-NBI-001,JKUAT Main Farm, Juja,Generated (offline fallback)
2024-09-25,Wednesday,September,9,2024,Short Rains,12,26.9,81.5,0.0,14.6,SW,54,24.54,0.44,41.57,5.0,NORMAL,NORMAL,-1.0896,37.0105,KE-NBI-001,JKUAT Main Farm, Juja,Generated (offline fallback)
2024-09-26,Thursday,September,9,2024,Short Rains,12,24.2,72.2,16.8,13.8,SW,45,21.65,0.51,36.85,0.0,NORMAL,NORMAL,-1.0896,37.0105,KE-NBI-001,JKUAT Main Farm, Juja,Generated (offline fallback)
2024-09-27,Friday,September,9,2024,Short Rains,12,26.8,68.1,8.7,6.6,SE,48,24.17,0.58,38.94,0.0,NORMAL,NORMAL,-1.0896,37.0105,KE-NBI-001,JKUAT Main Farm, Juja,Generated (offline fallback)
2024-09-28,Saturday,September,9,2024,Short Rains,12,24.2,71.9,0.0,14.4,E,43,21.65,0.51,36.79,5.0,NORMAL,NORMAL,-1.0896,37.0105,KE-NBI-001,JKUAT Main Farm, Juja,Generated (offline fallback)
2024-09-29,Sunday,September,9,2024,Short Rains,12,18.4,58.3,0.0,24.1,NW,58,15.57,0.54,28.07,5.0,WARNING,WARNING,-1.0896,37.0105,KE-NBI-001,JKUAT Main Farm, Juja,Generated (offline fallback)
2024-09-30,Monday,September,9,2024,Short Rains,12,17.1,69.8,0.0,21.0,S,56,14.51,0.44,28.64,5.0,WARNING,WARNING,-1.0896,37.0105,KE-NBI-001,JKUAT Main Farm, Juja,Generated (offline fallback)
2024-10-01,Tuesday,October,10,2024,Short Rains,12,21.3,94.8,30.5,17.9,SW,49,19.21,0.21,37.78,0.0,CRITICAL,CRITICAL,-1.0896,37.0105,KE-NBI-001,JKUAT Main Farm, Juja,Generated (offline fallback)
2024-10-02,Wednesday,October,10,2024,Short Rains,12,22.7,88.6,0.0,17.4,S,29,20.48,0.31,38.21,5.0,WARNING,WARNING,-1.0896,37.0105,KE-NBI-001,JKUAT Main Farm, Juja,Generated (offline fallback)
2024-10-03,Thursday,October,10,2024,Short Rains,12,24.5,67.9,5.0,15.6,E,35,21.87,0.55,36.39,0.0,NORMAL,NORMAL,-1.0896,37.0105,KE-NBI-001,JKUAT Main Farm, Juja,Generated (offline fallback)
2024-10-04,Friday,October,10,2024,Short Rains,12,26.3,73.7,42.2,16.1,NE,48,23.78,0.52,39.44,0.0,CRITICAL,CRITICAL,-1.0896,37.0105,KE-NBI-001,JKUAT Main Farm, Juja,Generated (offline fallback)
2024-10-05,Saturday,October,10,2024,Short Rains,12,20.9,87.9,27.5,18.7,E,52,18.67,0.31,36.06,0.0,CRITICAL,CRITICAL,-1.0896,37.0105,KE-NBI-001,JKUAT Main Farm, Juja,Generated (offline fallback)
2024-10-06,Sunday,October,10,2024,Short Rains,12,22.1,84.4,19.4,7.8,E,36,19.8,0.36,36.76,0.0,NORMAL,NORMAL,-1.0896,37.0105,KE-NBI-001,JKUAT Main Farm, Juja,Generated (offline fallback)
2024-10-07,Monday,October,10,2024,Short Rains,12,17.0,84.0,20.2,4.9,NE,55,14.69,0.32,31.0,0.0,WARNING,WARNING,-1.0896,37.0105,KE-NBI-001,JKUAT Main Farm, Juja,Generated (offline fallback)
2024-10-08,Tuesday,October,10,2024,Short Rains,12,27.1,65.8,0.0,4.4,S,38,24.43,0.6,38.84,5.0,NORMAL,NORMAL,-1.0896,37.0105,KE-NBI-001,JKUAT Main Farm, Juja,Generated (offline fallback)
2024-10-09,Wednesday,October,10,2024,Short Rains,12,17.8,66.4,0.0,14.6,W,51,15.14,0.47,28.81,5.0,WARNING,WARNING,-1.0896,37.0105,KE-NBI-001,JKUAT Main Farm, Juja,Generated (offline fallback)
2024-10-10,Thursday,October,10,2024,Short Rains,12,22.8,62.8,0.0,6.5,SW,56,20.07,0.57,33.61,5.0,NORMAL,NORMAL,-1.0896,37.0105,KE-NBI-001,JKUAT Main Farm, Juja,Generated (offline fallback)
2024-10-11,Friday,October,10,2024,Short Rains,12,18.8,92.7,11.4,8.3,W,51,16.67,0.23,34.57,0.0,WARNING,WARNING,-1.0896,37.0105,KE-NBI-001,JKUAT Main Farm, Juja,Generated (offline fallback)
2024-10-12,Saturday,October,10,2024,Short Rains,12,24.6,88.3,0.0,3.2,N,29,22.38,0.33,40.28,5.0,WARNING,WARNING,-1.0896,37.0105,KE-NBI-001,JKUAT Main Farm, Juja,Generated (offline fallback)
2024-10-13,Sunday,October,10,2024,Short Rains,12,22.5,60.4,0.0,5.0,W,30,19.72,0.58,32.86,5.0,NORMAL,NORMAL,-1.0896,37.0105,KE-NBI-001,JKUAT Main Farm, Juja,Generated (offline fallback)
2024-10-14,Monday,October,10,2024,Short Rains,12,28.3,88.1,6.5,4.6,S,33,26.07,0.37,44.4,0.0,WARNING,WARNING,-1.0896,37.0105,KE-NBI-001,JKUAT Main Farm, Juja,Generated (offline fallback)
2024-10-15,Tuesday,October,10,2024,Short Rains,12,18.8,81.8,32.5,19.3,NE,35,16.45,0.36,32.62,0.0,CRITICAL,CRITICAL,-1.0896,37.0105,KE-NBI-001,JKUAT Main Farm, Juja,Generated (offline fallback)
2024-10-16,Wednesday,October,10,2024,Short Rains,12,27.0,86.5,0.0,17.0,W,41,24.74,0.38,42.64,5.0,WARNING,WARNING,-1.0896,37.0105,KE-NBI-001,JKUAT Main Farm, Juja,Generated (offline fallback)
2024-10-17,Thursday,October,10,2024,Short Rains,12,22.8,98.0,37.7,15.9,SW,52,20.77,0.13,40.07,0.0,CRITICAL,CRITICAL,-1.0896,37.0105,KE-NBI-001,JKUAT Main Farm, Juja,Generated (offline fallback)
2024-10-18,Friday,October,10,2024,Short Rains,12,22.3,76.4,11.1,18.4,SW,49,19.84,0.45,35.52,0.0,NORMAL,NORMAL,-1.0896,37.0105,KE-NBI-001,JKUAT Main Farm, Juja,Generated (offline fallback)
2024-10-19,Saturday,October,10,2024,Short Rains,12,19.7,67.2,0.0,5.4,SE,57,17.05,0.49,31.02,5.0,WARNING,WARNING,-1.0896,37.0105,KE-NBI-001,JKUAT Main Farm, Juja,Generated (offline fallback)
2024-10-20,Sunday,October,10,2024,Short Rains,12,19.3,67.3,37.1,6.4,NW,39,16.66,0.49,30.6,0.0,CRITICAL,CRITICAL,-1.0896,37.0105,KE-NBI-001,JKUAT Main Farm, Juja,Generated (offline fallback)
2024-10-21,Monday,October,10,2024,Short Rains,12,25.6,78.9,22.6,7.6,SW,32,23.19,0.46,39.63,0.0,NORMAL,NORMAL,-1.0896,37.0105,KE-NBI-001,JKUAT Main Farm, Juja,Generated (offline fallback)
2024-10-22,Tuesday,October,10,2024,Short Rains,12,25.0,79.1,36.4,15.2,W,59,22.59,0.45,39.01,0.0,CRITICAL,CRITICAL,-1.0896,37.0105,KE-NBI-001,JKUAT Main Farm, Juja,Generated (offline fallback)
2024-10-23,Wednesday,October,10,2024,Short Rains,12,25.9,83.6,7.1,8.4,N,39,23.58,0.41,40.85,0.0,NORMAL,NORMAL,-1.0896,37.0105,KE-NBI-001,JKUAT Main Farm, Juja,Generated (offline fallback)
2024-10-24,Thursday,October,10,2024,Short Rains,12,28.1,78.9,9.1,3.4,E,31,25.69,0.48,42.41,0.0,NORMAL,NORMAL,-1.0896,37.0105,KE-NBI-001,JKUAT Main Farm, Juja,Generated (offline fallback)
2024-10-25,Friday,October,10,2024,Short Rains,12,17.7,97.9,22.1,3.2,N,40,15.67,0.12,34.27,0.0,WARNING,WARNING,-1.0896,37.0105,KE-NBI-001,JKUAT Main Farm, Juja,Generated (offline fallback)
2024-10-26,Saturday,October,10,2024,Short Rains,12,25.0,71.4,0.0,10.5,S,47,22.44,0.53,37.58,5.0,NORMAL,NORMAL,-1.0896,37.0105,KE-NBI-001,JKUAT Main Farm, Juja,Generated (offline fallback)
2024-10-27,Sunday,October,10,2024,Short Rains,12,20.8,98.0,23.2,9.0,SW,32,18.77,0.13,37.8,0.0,WARNING,WARNING,-1.0896,37.0105,KE-NBI-001,JKUAT Main Farm, Juja,Generated (offline fallback)
2024-10-28,Monday,October,10,2024,Short Rains,12,16.9,81.2,34.6,13.0,W,50,14.54,0.35,30.4,0.0,CRITICAL,CRITICAL,-1.0896,37.0105,KE-NBI-001,JKUAT Main Farm, Juja,Generated (offline fallback)
2024-10-29,Tuesday,October,10,2024,Short Rains,12,19.4,68.5,10.1,14.5,E,47,16.78,0.48,30.92,0.0,WARNING,WARNING,-1.0896,37.0105,KE-NBI-001,JKUAT Main Farm, Juja,Generated (offline fallback)
2024-10-30,Wednesday,October,10,2024,Short Rains,12,17.5,70.2,0.0,10.9,NE,53,14.91,0.44,29.15,5.0,WARNING,WARNING,-1.0896,37.0105,KE-NBI-001,JKUAT Main Farm, Juja,Generated (offline fallback)
2024-10-31,Thursday,October,10,2024,Short Rains,12,26.8,80.9,42.8,12.9,SW,42,24.43,0.45,41.35,0.0,CRITICAL,CRITICAL,-1.0896,37.0105,KE-NBI-001,JKUAT Main Farm, Juja,Generated (offline fallback)
2024-11-01,Friday,November,11,2024,Short Rains,12,21.9,80.5,18.3,8.0,E,50,19.52,0.4,35.82,0.0,NORMAL,NORMAL,-1.0896,37.0105,KE-NBI-001,JKUAT Main Farm, Juja,Generated (offline fallback)
2024-11-02,Saturday,November,11,2024,Short Rains,12,25.9,83.9,0.0,19.0,NE,57,23.59,0.4,40.91,5.0,NORMAL,NORMAL,-1.0896,37.0105,KE-NBI-001,JKUAT Main Farm, Juja,Generated (offline fallback)
2024-11-03,Sunday,November,11,2024,Short Rains,12,25.7,69.9,0.0,4.8,NW,41,23.11,0.55,38.07,5.0,NORMAL,NORMAL,-1.0896,37.0105,KE-NBI-001,JKUAT Main Farm, Juja,Generated (offline fallback)
2024-11-04,Monday,November,11,2024,Short Rains,12,22.2,87.9,0.0,14.5,W,55,19.97,0.32,37.52,5.0,WARNING,WARNING,-1.0896,37.0105,KE-NBI-001,JKUAT Main Farm, Juja,Generated (offline fallback)
2024-11-05,Tuesday,November,11,2024,Short Rains,12,21.5,69.7,0.0,3.6,N,54,18.9,0.5,33.43,5.0,NORMAL,NORMAL,-1.0896,37.0105,KE-NBI-001,JKUAT Main Farm, Juja,Generated (offline fallback)
2024-11-06,Wednesday,November,11,2024,Short Rains,12,18.9,70.5,8.8,11.8,NW,51,16.32,0.46,30.73,0.0,WARNING,WARNING,-1.0896,37.0105,KE-NBI-001,JKUAT Main Farm, Juja,Generated (offline fallback)
2024-11-07,Thursday,November,11,2024,Short Rains,12,19.2,94.5,15.9,15.9,W,64,17.1,0.2,35.35,0.0,WARNING,WARNING,-1.0896,37.0105,KE-NBI-001,JKUAT Main Farm, Juja,Generated (offline fallback)
2024-11-08,Friday,November,11,2024,Short Rains,12,24.4,81.9,34.3,8.8,W,50,22.05,0.41,38.86,0.0,CRITICAL,CRITICAL,-1.0896,37.0105,KE-NBI-001,JKUAT Main Farm, Juja,Generated (offline fallback)
2024-11-09,Saturday,November,11,2024,Short Rains,12,19.2,61.7,0.0,15.1,N,42,16.44,0.53,29.52,5.0,WARNING,WARNING,-1.0896,37.0105,KE-NBI-001,JKUAT Main Farm, Juja,Generated (offline fallback)
2024-11-10,Sunday,November,11,2024,Short Rains,12,25.5,86.8,0.0,12.0,N,61,23.25,0.36,41.01,5.0,WARNING,WARNING,-1.0896,37.0105,KE-NBI-001,JKUAT Main Farm, Juja,Generated (offline fallback)
2024-11-11,Monday,November,11,2024,Short Rains,12,17.1,73.9,10.6,19.1,SE,52,14.59,0.41,29.35,0.0,WARNING,WARNING,-1.0896,37.0105,KE-NBI-001,JKUAT Main Farm, Juja,Generated (offline fallback)
2024-11-12,Tuesday,November,11,2024,Short Rains,12,24.1,88.9,35.1,13.1,SE,32,21.89,0.32,39.84,0.0,CRITICAL,CRITICAL,-1.0896,37.0105,KE-NBI-001,JKUAT Main Farm, Juja,Generated (offline fallback)
2024-11-13,Wednesday,November,11,2024,Short Rains,12,24.2,71.1,0.0,10.3,S,53,21.63,0.52,36.64,5.0,NORMAL,NORMAL,-1.0896,37.0105,KE-NBI-001,JKUAT Main Farm, Juja,Generated (offline fallback)
2024-11-14,Thursday,November,11,2024,Short Rains,12,23.6,65.1,0.0,19.8,SW,44,20.91,0.56,34.9,5.0,NORMAL,NORMAL,-1.0896,37.0105,KE-NBI-001,JKUAT Main Farm, Juja,Generated (offline fallback)
2024-11-15,Friday,November,11,2024,Short Rains,12,25.2,70.5,30.3,12.6,W,57,22.62,0.54,37.63,0.0,CRITICAL,CRITICAL,-1.0896,37.0105,KE-NBI-001,JKUAT Main Farm, Juja,Generated (offline fallback)
2024-11-16,Saturday,November,11,2024,Short Rains,12,24.6,76.0,10.3,13.2,W,47,22.13,0.48,37.99,0.0,NORMAL,NORMAL,-1.0896,37.0105,KE-NBI-001,JKUAT Main Farm, Juja,Generated (offline fallback)
2024-11-17,Sunday,November,11,2024,Short Rains,12,22.1,73.2,0.0,3.7,E,40,19.57,0.48,34.72,5.0,NORMAL,NORMAL,-1.0896,37.0105,KE-NBI-001,JKUAT Main Farm, Juja,Generated (offline fallback)
2024-11-18,Monday,November,11,2024,Short Rains,12,16.8,83.0,34.0,16.0,W,32,14.47,0.33,30.61,0.0,CRITICAL,CRITICAL,-1.0896,37.0105,KE-NBI-001,JKUAT Main Farm, Juja,Generated (offline fallback)
2024-11-19,Tuesday,November,11,2024,Short Rains,12,26.4,95.4,28.9,6.2,NE,60,24.32,0.22,43.67,0.0,CRITICAL,CRITICAL,-1.0896,37.0105,KE-NBI-001,JKUAT Main Farm, Juja,Generated (offline fallback)
2024-11-20,Wednesday,November,11,2024,Short Rains,12,17.6,63.7,0.0,12.9,SW,58,14.88,0.49,28.13,5.0,WARNING,WARNING,-1.0896,37.0105,KE-NBI-001,JKUAT Main Farm, Juja,Generated (offline fallback)
2024-11-21,Thursday,November,11,2024,Short Rains,12,18.8,65.4,0.0,19.4,NE,51,16.12,0.5,29.73,5.0,WARNING,WARNING,-1.0896,37.0105,KE-NBI-001,JKUAT Main Farm, Juja,Generated (offline fallback)
2024-11-22,Friday,November,11,2024,Short Rains,12,25.3,96.2,21.3,3.8,S,53,23.24,0.19,42.57,0.0,WARNING,WARNING,-1.0896,37.0105,KE-NBI-001,JKUAT Main Farm, Juja,Generated (offline fallback)
2024-11-23,Saturday,November,11,2024,Short Rains,12,23.8,93.9,31.5,15.8,S,62,21.69,0.24,40.44,0.0,CRITICAL,CRITICAL,-1.0896,37.0105,KE-NBI-001,JKUAT Main Farm, Juja,Generated (offline fallback)
2024-11-24,Sunday,November,11,2024,Short Rains,12,18.3,80.4,3.4,5.6,S,56,15.92,0.37,31.81,1.6,WARNING,WARNING,-1.0896,37.0105,KE-NBI-001,JKUAT Main Farm, Juja,Generated (offline fallback)
2024-11-25,Monday,November,11,2024,Short Rains,12,16.7,90.1,20.7,14.4,S,56,14.52,0.25,31.74,0.0,WARNING,WARNING,-1.0896,37.0105,KE-NBI-001,JKUAT Main Farm, Juja,Generated (offline fallback)
2024-11-26,Tuesday,November,11,2024,Short Rains,12,26.3,75.2,16.6,4.6,N,45,23.82,0.51,39.72,0.0,NORMAL,NORMAL,-1.0896,37.0105,KE-NBI-001,JKUAT Main Farm, Juja,Generated (offline fallback)
2024-11-27,Wednesday,November,11,2024,Short Rains,12,19.9,69.9,20.2,10.4,NW,51,17.31,0.48,31.72,0.0,WARNING,WARNING,-1.0896,37.0105,KE-NBI-001,JKUAT Main Farm, Juja,Generated (offline fallback)
2024-11-28,Thursday,November,11,2024,Short Rains,12,18.0,73.8,0.0,16.4,SE,47,15.49,0.42,30.32,5.0,WARNING,WARNING,-1.0896,37.0105,KE-NBI-001,JKUAT Main Farm, Juja,Generated (offline fallback)
2024-11-29,Friday,November,11,2024,Short Rains,12,19.8,74.2,0.0,15.2,SW,64,17.29,0.44,32.37,5.0,WARNING,WARNING,-1.0896,37.0105,KE-NBI-001,JKUAT Main Farm, Juja,Generated (offline fallback)
2024-11-30,Saturday,November,11,2024,Short Rains,12,16.9,90.5,24.5,17.6,SW,47,14.72,0.25,32.04,0.0,WARNING,WARNING,-1.0896,37.0105,KE-NBI-001,JKUAT Main Farm, Juja,Generated (offline fallback)
2024-12-01,Sunday,December,12,2024,Dry (Dec-Feb),12,24.2,56.3,0.0,21.0,S,46,21.33,0.64,33.96,5.0,NORMAL,NORMAL,-1.0896,37.0105,KE-NBI-001,JKUAT Main Farm, Juja,Generated (offline fallback)
2024-12-02,Monday,December,12,2024,Dry (Dec-Feb),12,25.5,53.4,0.0,11.9,S,42,22.58,0.68,34.83,5.0,NORMAL,NORMAL,-1.0896,37.0105,KE-NBI-001,JKUAT Main Farm, Juja,Generated (offline fallback)
2024-12-03,Tuesday,December,12,2024,Dry (Dec-Feb),12,25.1,63.3,0.0,24.0,E,65,22.38,0.6,36.2,5.0,NORMAL,NORMAL,-1.0896,37.0105,KE-NBI-001,JKUAT Main Farm, Juja,Generated (offline fallback)
2024-12-04,Wednesday,December,12,2024,Dry (Dec-Feb),12,23.7,69.2,0.0,20.6,SW,80,21.09,0.53,35.75,5.0,NORMAL,NORMAL,-1.0896,37.0105,KE-NBI-001,JKUAT Main Farm, Juja,Generated (offline fallback)
2024-12-05,Thursday,December,12,2024,Dry (Dec-Feb),12,25.5,70.1,0.0,11.5,NW,82,22.91,0.54,37.89,5.0,NORMAL,NORMAL,-1.0896,37.0105,KE-NBI-001,JKUAT Main Farm, Juja,Generated (offline fallback)
2024-12-06,Friday,December,12,2024,Dry (Dec-Feb),12,19.3,52.0,0.0,6.0,W,39,16.35,0.59,27.95,5.0,WARNING,WARNING,-1.0896,37.0105,KE-NBI-001,JKUAT Main Farm, Juja,Generated (offline fallback)
2024-12-07,Saturday,December,12,2024,Dry (Dec-Feb),12,28.4,66.3,0.0,22.1,S,42,25.74,0.62,40.35,5.0,NORMAL,NORMAL,-1.0896,37.0105,KE-NBI-001,JKUAT Main Farm, Juja,Generated (offline fallback)
2024-12-08,Sunday,December,12,2024,Dry (Dec-Feb),12,27.3,61.1,0.0,26.3,SE,51,24.53,0.65,38.18,5.0,NORMAL,NORMAL,-1.0896,37.0105,KE-NBI-001,JKUAT Main Farm, Juja,Generated (offline fallback)
2024-12-09,Monday,December,12,2024,Dry (Dec-Feb),12,20.0,61.2,0.0,17.4,S,78,17.23,0.54,30.3,5.0,NORMAL,NORMAL,-1.0896,37.0105,KE-NBI-001,JKUAT Main Farm, Juja,Generated (offline fallback)
2024-12-10,Tuesday,December,12,2024,Dry (Dec-Feb),12,26.9,67.5,0.0,8.4,NE,41,24.26,0.59,38.94,5.0,NORMAL,NORMAL,-1.0896,37.0105,KE-NBI-001,JKUAT Main Farm, Juja,Generated (offline fallback)
2024-12-11,Wednesday,December,12,2024,Dry (Dec-Feb),12,22.0,70.8,0.0,11.8,E,61,19.43,0.49,34.18,5.0,NORMAL,NORMAL,-1.0896,37.0105,KE-NBI-001,JKUAT Main Farm, Juja,Generated (offline fallback)
2024-12-12,Thursday,December,12,2024,Dry (Dec-Feb),12,28.6,49.3,0.0,17.0,NW,53,25.59,0.76,37.4,5.0,NORMAL,NORMAL,-1.0896,37.0105,KE-NBI-001,JKUAT Main Farm, Juja,Generated (offline fallback)
2024-12-13,Friday,December,12,2024,Dry (Dec-Feb),12,20.2,54.3,0.0,6.0,E,44,17.29,0.59,29.31,5.0,NORMAL,NORMAL,-1.0896,37.0105,KE-NBI-001,JKUAT Main Farm, Juja,Generated (offline fallback)
2024-12-14,Saturday,December,12,2024,Dry (Dec-Feb),12,27.6,71.2,0.0,18.3,W,39,25.03,0.56,40.4,5.0,NORMAL,NORMAL,-1.0896,37.0105,KE-NBI-001,JKUAT Main Farm, Juja,Generated (offline fallback)
2024-12-15,Sunday,December,12,2024,Dry (Dec-Feb),12,24.6,69.9,0.0,12.6,S,75,22.01,0.54,36.86,5.0,NORMAL,NORMAL,-1.0896,37.0105,KE-NBI-001,JKUAT Main Farm, Juja,Generated (offline fallback)
2024-12-16,Monday,December,12,2024,Dry (Dec-Feb),12,28.6,71.6,5.0,27.3,SE,76,26.04,0.57,41.57,0.0,NORMAL,NORMAL,-1.0896,37.0105,KE-NBI-001,JKUAT Main Farm, Juja,Generated (offline fallback)
2024-12-17,Tuesday,December,12,2024,Dry (Dec-Feb),12,22.4,53.5,0.0,6.2,SW,75,19.48,0.63,31.53,5.0,NORMAL,NORMAL,-1.0896,37.0105,KE-NBI-001,JKUAT Main Farm, Juja,Generated (offline fallback)
2024-12-18,Wednesday,December,12,2024,Dry (Dec-Feb),12,24.6,66.0,0.0,13.6,SW,62,21.93,0.57,36.15,5.0,NORMAL,NORMAL,-1.0896,37.0105,KE-NBI-001,JKUAT Main Farm, Juja,Generated (offline fallback)
2024-12-19,Thursday,December,12,2024,Dry (Dec-Feb),12,28.0,61.5,0.0,26.6,NW,117,25.24,0.65,39.01,5.0,WARNING,WARNING,-1.0896,37.0105,KE-NBI-001,JKUAT Main Farm, Juja,Generated (offline fallback)
2024-12-20,Friday,December,12,2024,Dry (Dec-Feb),12,20.7,58.6,0.0,11.5,SE,62,17.88,0.57,30.6,5.0,NORMAL,NORMAL,-1.0896,37.0105,KE-NBI-001,JKUAT Main Farm, Juja,Generated (offline fallback)
2024-12-21,Saturday,December,12,2024,Dry (Dec-Feb),12,28.6,57.5,0.0,6.3,NE,59,25.76,0.7,38.92,5.0,NORMAL,NORMAL,-1.0896,37.0105,KE-NBI-001,JKUAT Main Farm, Juja,Generated (offline fallback)
2024-12-22,Sunday,December,12,2024,Dry (Dec-Feb),12,21.8,66.9,0.0,8.4,NE,81,19.15,0.52,33.26,5.0,NORMAL,NORMAL,-1.0896,37.0105,KE-NBI-001,JKUAT Main Farm, Juja,Generated (offline fallback)
2024-12-23,Monday,December,12,2024,Dry (Dec-Feb),12,25.2,62.6,0.0,12.2,NE,48,22.46,0.6,36.18,5.0,NORMAL,NORMAL,-1.0896,37.0105,KE-NBI-001,JKUAT Main Farm, Juja,Generated (offline fallback)
2024-12-24,Tuesday,December,12,2024,Dry (Dec-Feb),12,27.9,48.6,0.0,11.9,W,42,24.88,0.75,36.52,5.0,NORMAL,NORMAL,-1.0896,37.0105,KE-NBI-001,JKUAT Main Farm, Juja,Generated (offline fallback)
2024-12-25,Wednesday,December,12,2024,Dry (Dec-Feb),12,23.5,53.7,0.0,22.1,E,70,20.58,0.65,32.74,5.0,NORMAL,NORMAL,-1.0896,37.0105,KE-NBI-001,JKUAT Main Farm, Juja,Generated (offline fallback)
2024-12-26,Thursday,December,12,2024,Dry (Dec-Feb),12,23.0,57.5,0.0,7.6,S,69,20.16,0.61,32.88,5.0,NORMAL,NORMAL,-1.0896,37.0105,KE-NBI-001,JKUAT Main Farm, Juja,Generated (offline fallback)
2024-12-27,Friday,December,12,2024,Dry (Dec-Feb),12,27.5,58.4,0.0,19.7,S,82,24.68,0.67,37.9,5.0,NORMAL,NORMAL,-1.0896,37.0105,KE-NBI-001,JKUAT Main Farm, Juja,Generated (offline fallback)
2024-12-28,Saturday,December,12,2024,Dry (Dec-Feb),12,23.4,56.1,0.0,8.1,E,40,20.53,0.63,33.06,5.0,NORMAL,NORMAL,-1.0896,37.0105,KE-NBI-001,JKUAT Main Farm, Juja,Generated (offline fallback)
2024-12-29,Sunday,December,12,2024,Dry (Dec-Feb),12,27.5,60.8,0.0,22.6,NE,61,24.72,0.65,38.34,5.0,NORMAL,NORMAL,-1.0896,37.0105,KE-NBI-001,JKUAT Main Farm, Juja,Generated (offline fallback)
2024-12-30,Monday,December,12,2024,Dry (Dec-Feb),12,28.2,65.1,0.0,6.5,S,57,25.51,0.63,39.91,5.0,NORMAL,NORMAL,-1.0896,37.0105,KE-NBI-001,JKUAT Main Farm, Juja,Generated (offline fallback)
2024-12-31,Tuesday,December,12,2024,Dry (Dec-Feb),12,25.2,63.1,0.0,11.5,N,83,22.47,0.6,36.27,5.0,NORMAL,NORMAL,-1.0896,37.0105,KE-NBI-001,JKUAT Main Farm, Juja,Generated (offline fallback)
2025-01-01,Wednesday,January,1,2025,Dry (Dec-Feb),12,21.2,48.3,0.0,7.5,SE,61,18.17,0.64,29.33,5.0,NORMAL,NORMAL,-1.0896,37.0105,KE-NBI-001,JKUAT Main Farm, Juja,Generated (offline fallback)
2025-01-02,Thursday,January,1,2025,Dry (Dec-Feb),12,26.7,68.1,0.0,17.1,SW,48,24.07,0.58,38.83,5.0,NORMAL,NORMAL,-1.0896,37.0105,KE-NBI-001,JKUAT Main Farm, Juja,Generated (offline fallback)
2025-01-03,Friday,January,1,2025,Dry (Dec-Feb),12,28.3,63.3,0.0,17.1,S,80,25.58,0.64,39.68,5.0,NORMAL,NORMAL,-1.0896,37.0105,KE-NBI-001,JKUAT Main Farm, Juja,Generated (offline fallback)
2025-01-04,Saturday,January,1,2025,Dry (Dec-Feb),12,29.4,52.4,0.0,11.5,NE,47,26.46,0.75,38.83,5.0,NORMAL,NORMAL,-1.0896,37.0105,KE-NBI-001,JKUAT Main Farm, Juja,Generated (offline fallback)
2025-01-05,Sunday,January,1,2025,Dry (Dec-Feb),12,21.4,66.8,0.0,13.2,NW,45,18.75,0.52,32.81,5.0,NORMAL,NORMAL,-1.0896,37.0105,KE-NBI-001,JKUAT Main Farm, Juja,Generated (offline fallback)
2025-01-06,Monday,January,1,2025,Dry (Dec-Feb),12,19.5,61.2,0.0,6.8,E,65,16.73,0.53,29.76,5.0,WARNING,WARNING,-1.0896,37.0105,KE-NBI-001,JKUAT Main Farm, Juja,Generated (offline fallback)
2025-01-07,Tuesday,January,1,2025,Dry (Dec-Feb),12,20.0,68.7,0.0,16.0,NW,67,17.38,0.49,31.61,5.0,NORMAL,NORMAL,-1.0896,37.0105,KE-NBI-001,JKUAT Main Farm, Juja,Generated (offline fallback)
2025-01-08,Wednesday,January,1,2025,Dry (Dec-Feb),12,29.0,59.5,6.0,10.9,NW,50,26.2,0.69,39.72,0.0,NORMAL,NORMAL,-1.0896,37.0105,KE-NBI-001,JKUAT Main Farm, Juja,Generated (offline fallback)
2025-01-09,Thursday,January,1,2025,Dry (Dec-Feb),12,26.1,68.8,3.5,20.3,E,49,23.49,0.56,38.3,1.5,NORMAL,NORMAL,-1.0896,37.0105,KE-NBI-001,JKUAT Main Farm, Juja,Generated (offline fallback)
2025-01-10,Friday,January,1,2025,Dry (Dec-Feb),12,28.6,59.2,0.0,7.5,S,81,25.79,0.68,39.24,5.0,NORMAL,NORMAL,-1.0896,37.0105,KE-NBI-001,JKUAT Main Farm, Juja,Generated (offline fallback)
2025-01-11,Saturday,January,1,2025,Dry (Dec-Feb),12,24.8,54.7,5.4,13.6,SE,69,21.9,0.66,34.31,0.0,NORMAL,NORMAL,-1.0896,37.0105,KE-NBI-001,JKUAT Main Farm, Juja,Generated (offline fallback)
2025-01-12,Sunday,January,1,2025,Dry (Dec-Feb),12,24.5,56.9,0.0,6.5,SE,74,21.65,0.64,34.39,5.0,NORMAL,NORMAL,-1.0896,37.0105,KE-NBI-001,JKUAT Main Farm, Juja,Generated (offline fallback)
2025-01-13,Monday,January,1,2025,Dry (Dec-Feb),12,27.4,68.7,0.0,8.2,SE,58,24.78,0.58,39.71,5.0,NORMAL,NORMAL,-1.0896,37.0105,KE-NBI-001,JKUAT Main Farm, Juja,Generated (offline fallback)
2025-01-14,Tuesday,January,1,2025,Dry (Dec-Feb),12,23.6,63.7,1.6,19.4,NW,63,20.88,0.57,34.64,3.4,NORMAL,NORMAL,-1.0896,37.0105,KE-NBI-001,JKUAT Main Farm, Juja,Generated (offline fallback)
2025-01-15,Wednesday,January,1,2025,Dry (Dec-Feb),12,27.1,61.8,0.0,7.1,NW,45,24.35,0.64,38.09,5.0,NORMAL,NORMAL,-1.0896,37.0105,KE-NBI-001,JKUAT Main Farm, Juja,Generated (offline fallback)
2025-01-16,Thursday,January,1,2025,Dry (Dec-Feb),12,27.8,59.0,0.0,7.7,NE,69,24.99,0.67,38.33,5.0,NORMAL,NORMAL,-1.0896,37.0105,KE-NBI-001,JKUAT Main Farm, Juja,Generated (offline fallback)
2025-01-17,Friday,January,1,2025,Dry (Dec-Feb),12,21.4,61.7,0.0,5.4,SW,85,18.64,0.56,31.9,5.0,NORMAL,NORMAL,-1.0896,37.0105,KE-NBI-001,JKUAT Main Farm, Juja,Generated (offline fallback)
2025-01-18,Saturday,January,1,2025,Dry (Dec-Feb),12,23.2,47.6,0.0,7.4,SE,62,20.16,0.68,31.34,5.0,NORMAL,NORMAL,-1.0896,37.0105,KE-NBI-001,JKUAT Main Farm, Juja,Generated (offline fallback)
2025-01-19,Sunday,January,1,2025,Dry (Dec-Feb),12,21.4,46.6,0.0,11.9,SW,74,18.34,0.66,29.25,5.0,NORMAL,NORMAL,-1.0896,37.0105,KE-NBI-001,JKUAT Main Farm, Juja,Generated (offline fallback)
2025-01-20,Monday,January,1,2025,Dry (Dec-Feb),12,24.1,53.2,0.0,20.0,E,84,21.17,0.66,33.29,5.0,NORMAL,NORMAL,-1.0896,37.0105,KE-NBI-001,JKUAT Main Farm, Juja,Generated (offline fallback)
2025-01-21,Tuesday,January,1,2025,Dry (Dec-Feb),12,20.2,63.3,0.0,17.1,W,68,17.48,0.53,30.88,5.0,NORMAL,NORMAL,-1.0896,37.0105,KE-NBI-001,JKUAT Main Farm, Juja,Generated (offline fallback)
2025-01-22,Wednesday,January,1,2025,Dry (Dec-Feb),12,21.8,68.7,0.0,22.2,NW,50,19.18,0.51,33.58,5.0,NORMAL,NORMAL,-1.0896,37.0105,KE-NBI-001,JKUAT Main Farm, Juja,Generated (offline fallback)
2025-01-23,Thursday,January,1,2025,Dry (Dec-Feb),12,19.4,46.0,0.0,5.4,W,76,16.33,0.63,27.03,5.0,WARNING,WARNING,-1.0896,37.0105,KE-NBI-001,JKUAT Main Farm, Juja,Generated (offline fallback)
2025-01-24,Friday,January,1,2025,Dry (Dec-Feb),12,24.8,47.3,0.0,25.0,N,65,21.75,0.71,32.99,5.0,NORMAL,NORMAL,-1.0896,37.0105,KE-NBI-001,JKUAT Main Farm, Juja,Generated (offline fallback)
2025-01-25,Saturday,January,1,2025,Dry (Dec-Feb),12,19.8,67.2,5.2,7.0,N,76,17.15,0.5,31.13,0.0,WARNING,WARNING,-1.0896,37.0105,KE-NBI-001,JKUAT Main Farm, Juja,Generated (offline fallback)
2025-01-26,Sunday,January,1,2025,Dry (Dec-Feb),12,27.5,63.3,0.0,17.5,N,70,24.78,0.63,38.81,5.0,NORMAL,NORMAL,-1.0896,37.0105,KE-NBI-001,JKUAT Main Farm, Juja,Generated (offline fallback)
2025-01-27,Monday,January,1,2025,Dry (Dec-Feb),12,24.7,60.6,0.0,5.7,NW,53,21.92,0.61,35.27,5.0,NORMAL,NORMAL,-1.0896,37.0105,KE-NBI-001,JKUAT Main Farm, Juja,Generated (offline fallback)
2025-01-28,Tuesday,January,1,2025,Dry (Dec-Feb),12,17.6,54.5,0.0,21.3,W,71,14.7,0.55,26.56,5.0,WARNING,WARNING,-1.0896,37.0105,KE-NBI-001,JKUAT Main Farm, Juja,Generated (offline fallback)
2025-01-29,Wednesday,January,1,2025,Dry (Dec-Feb),12,27.5,65.1,2.7,24.4,S,69,24.81,0.62,39.14,2.3,NORMAL,NORMAL,-1.0896,37.0105,KE-NBI-001,JKUAT Main Farm, Juja,Generated (offline fallback)
2025-01-30,Thursday,January,1,2025,Dry (Dec-Feb),12,24.2,50.9,0.0,8.2,SW,53,21.23,0.68,32.99,5.0,NORMAL,NORMAL,-1.0896,37.0105,KE-NBI-001,JKUAT Main Farm, Juja,Generated (offline fallback)
2025-01-31,Friday,January,1,2025,Dry (Dec-Feb),12,23.0,59.5,0.0,23.8,SW,71,20.2,0.6,33.24,5.0,NORMAL,NORMAL,-1.0896,37.0105,KE-NBI-001,JKUAT Main Farm, Juja,Generated (offline fallback)
2025-02-01,Saturday,February,2,2025,Dry (Dec-Feb),12,29.6,66.8,10.0,10.4,E,93,26.95,0.63,41.76,0.0,NORMAL,NORMAL,-1.0896,37.0105,KE-NBI-001,JKUAT Main Farm, Juja,Generated (offline fallback)
2025-02-02,Sunday,February,2,2025,Dry (Dec-Feb),12,24.4,51.5,0.0,21.8,NW,68,21.44,0.68,33.31,5.0,NORMAL,NORMAL,-1.0896,37.0105,KE-NBI-001,JKUAT Main Farm, Juja,Generated (offline fallback)
2025-02-03,Monday,February,2,2025,Dry (Dec-Feb),12,21.3,45.2,7.9,19.1,NE,54,18.21,0.67,28.9,0.0,NORMAL,NORMAL,-1.0896,37.0105,KE-NBI-001,JKUAT Main Farm, Juja,Generated (offline fallback)
2025-02-04,Tuesday,February,2,2025,Dry (Dec-Feb),12,22.0,62.6,3.2,21.9,NW,81,19.26,0.56,32.71,1.8,NORMAL,NORMAL,-1.0896,37.0105,KE-NBI-001,JKUAT Main Farm, Juja,Generated (offline fallback)
2025-02-05,Wednesday,February,2,2025,Dry (Dec-Feb),12,23.2,57.9,0.4,26.4,NW,80,20.37,0.61,33.17,4.6,NORMAL,NORMAL,-1.0896,37.0105,KE-NBI-001,JKUAT Main Farm, Juja,Generated (offline fallback)
2025-02-06,Thursday,February,2,2025,Dry (Dec-Feb),12,28.7,54.3,3.1,17.4,W,94,25.79,0.72,38.43,1.9,NORMAL,NORMAL,-1.0896,37.0105,KE-NBI-001,JKUAT Main Farm, Juja,Generated (offline fallback)
2025-02-07,Friday,February,2,2025,Dry (Dec-Feb),12,27.2,51.4,0.0,11.9,W,93,24.24,0.72,36.29,5.0,NORMAL,NORMAL,-1.0896,37.0105,KE-NBI-001,JKUAT Main Farm, Juja,Generated (offline fallback)
2025-02-08,Saturday,February,2,2025,Dry (Dec-Feb),12,28.0,71.8,9.6,9.3,S,91,25.45,0.56,40.95,0.0,NORMAL,NORMAL,-1.0896,37.0105,KE-NBI-001,JKUAT Main Farm, Juja,Generated (offline fallback)
2025-02-09,Sunday,February,2,2025,Dry (Dec-Feb),12,20.2,54.7,8.2,5.5,NE,83,17.3,0.59,29.38,0.0,NORMAL,NORMAL,-1.0896,37.0105,KE-NBI-001,JKUAT Main Farm, Juja,Generated (offline fallback)
2025-02-10,Monday,February,2,2025,Dry (Dec-Feb),12,22.6,63.9,0.0,5.2,NE,69,19.89,0.56,33.59,5.0,NORMAL,NORMAL,-1.0896,37.0105,KE-NBI-001,JKUAT Main Farm, Juja,Generated (offline fallback)
2025-02-11,Tuesday,February,2,2025,Dry (Dec-Feb),12,24.4,71.1,0.0,13.0,NE,58,21.83,0.52,36.86,5.0,NORMAL,NORMAL,-1.0896,37.0105,KE-NBI-001,JKUAT Main Farm, Juja,Generated (offline fallback)
2025-02-12,Wednesday,February,2,2025,Dry (Dec-Feb),12,29.3,57.1,0.0,22.4,N,42,26.45,0.71,39.6,5.0,NORMAL,NORMAL,-1.0896,37.0105,KE-NBI-001,JKUAT Main Farm, Juja,Generated (offline fallback)
2025-02-13,Thursday,February,2,2025,Dry (Dec-Feb),12,20.0,58.7,0.0,24.2,SE,54,17.18,0.56,29.86,5.0,NORMAL,NORMAL,-1.0896,37.0105,KE-NBI-001,JKUAT Main Farm, Juja,Generated (offline fallback)
2025-02-14,Friday,February,2,2025,Dry (Dec-Feb),12,30.0,61.6,0.0,19.6,NW,76,27.24,0.68,41.2,5.0,NORMAL,NORMAL,-1.0896,37.0105,KE-NBI-001,JKUAT Main Farm, Juja,Generated (offline fallback)
2025-02-15,Saturday,February,2,2025,Dry (Dec-Feb),12,23.1,64.9,1.2,10.1,SE,40,20.41,0.56,34.32,3.8,NORMAL,NORMAL,-1.0896,37.0105,KE-NBI-001,JKUAT Main Farm, Juja,Generated (offline fallback)
2025-02-16,Sunday,February,2,2025,Dry (Dec-Feb),12,30.1,45.0,0.0,26.8,S,118,27.01,0.82,38.2,5.0,WARNING,WARNING,-1.0896,37.0105,KE-NBI-001,JKUAT Main Farm, Juja,Generated (offline fallback)
2025-02-17,Monday,February,2,2025,Dry (Dec-Feb),12,26.3,50.7,0.0,21.4,NW,93,23.32,0.71,35.2,5.0,NORMAL,NORMAL,-1.0896,37.0105,KE-NBI-001,JKUAT Main Farm, Juja,Generated (offline fallback)
2025-02-18,Tuesday,February,2,2025,Dry (Dec-Feb),12,26.4,64.5,5.1,20.2,E,64,23.7,0.61,37.83,0.0,NORMAL,NORMAL,-1.0896,37.0105,KE-NBI-001,JKUAT Main Farm, Juja,Generated (offline fallback)
2025-02-19,Wednesday,February,2,2025,Dry (Dec-Feb),12,19.2,50.9,0.0,20.0,NE,54,16.23,0.6,27.65,5.0,WARNING,WARNING,-1.0896,37.0105,KE-NBI-001,JKUAT Main Farm, Juja,Generated (offline fallback)
2025-02-20,Thursday,February,2,2025,Dry (Dec-Feb),12,23.1,55.0,1.0,11.1,NE,44,20.21,0.63,32.54,4.0,NORMAL,NORMAL,-1.0896,37.0105,KE-NBI-001,JKUAT Main Farm, Juja,Generated (offline fallback)
2025-02-21,Friday,February,2,2025,Dry (Dec-Feb),12,19.0,52.6,7.9,27.4,W,70,16.06,0.58,27.73,0.0,WARNING,WARNING,-1.0896,37.0105,KE-NBI-001,JKUAT Main Farm, Juja,Generated (offline fallback)
2025-02-22,Saturday,February,2,2025,Dry (Dec-Feb),12,18.5,66.3,4.1,16.0,W,62,15.84,0.48,29.56,0.9,WARNING,WARNING,-1.0896,37.0105,KE-NBI-001,JKUAT Main Farm, Juja,Generated (offline fallback)
2025-02-23,Sunday,February,2,2025,Dry (Dec-Feb),12,20.7,47.4,0.0,13.1,E,62,17.65,0.64,28.65,5.0,NORMAL,NORMAL,-1.0896,37.0105,KE-NBI-001,JKUAT Main Farm, Juja,Generated (offline fallback)
2025-02-24,Monday,February,2,2025,Dry (Dec-Feb),12,31.2,52.7,0.0,20.5,SE,45,28.26,0.78,40.81,5.0,NORMAL,NORMAL,-1.0896,37.0105,KE-NBI-001,JKUAT Main Farm, Juja,Generated (offline fallback)
2025-02-25,Tuesday,February,2,2025,Dry (Dec-Feb),12,21.4,59.0,0.0,9.7,S,81,18.59,0.58,31.42,5.0,NORMAL,NORMAL,-1.0896,37.0105,KE-NBI-001,JKUAT Main Farm, Juja,Generated (offline fallback)
2025-02-26,Wednesday,February,2,2025,Dry (Dec-Feb),12,25.6,47.1,0.0,13.2,SW,54,22.55,0.73,33.8,5.0,NORMAL,NORMAL,-1.0896,37.0105,KE-NBI-001,JKUAT Main Farm, Juja,Generated (offline fallback)
2025-02-27,Thursday,February,2,2025,Dry (Dec-Feb),12,27.5,62.0,0.0,24.8,N,67,24.75,0.64,38.57,5.0,NORMAL,NORMAL,-1.0896,37.0105,KE-NBI-001,JKUAT Main Farm, Juja,Generated (offline fallback)
2025-02-28,Friday,February,2,2025,Dry (Dec-Feb),12,24.2,51.2,0.0,20.9,NE,49,21.23,0.67,33.04,5.0,NORMAL,NORMAL,-1.0896,37.0105,KE-NBI-001,JKUAT Main Farm, Juja,Generated (offline fallback)
2025-03-01,Saturday,March,3,2025,Long Rains,12,21.9,76.6,16.5,12.3,NE,40,19.44,0.44,35.12,0.0,NORMAL,NORMAL,-1.0896,37.0105,KE-NBI-001,JKUAT Main Farm, Juja,Generated (offline fallback)
2025-03-02,Sunday,March,3,2025,Long Rains,12,27.6,71.3,0.0,10.3,N,39,25.04,0.56,40.42,5.0,NORMAL,NORMAL,-1.0896,37.0105,KE-NBI-001,JKUAT Main Farm, Juja,Generated (offline fallback)
2025-03-03,Monday,March,3,2025,Long Rains,12,25.7,82.5,16.1,13.0,E,64,23.36,0.42,40.42,0.0,NORMAL,NORMAL,-1.0896,37.0105,KE-NBI-001,JKUAT Main Farm, Juja,Generated (offline fallback)
2025-03-04,Tuesday,March,3,2025,Long Rains,12,21.7,71.4,6.5,14.4,S,56,19.14,0.49,33.96,0.0,NORMAL,NORMAL,-1.0896,37.0105,KE-NBI-001,JKUAT Main Farm, Juja,Generated (offline fallback)
2025-03-05,Wednesday,March,3,2025,Long Rains,12,20.2,68.6,11.7,11.5,N,38,17.58,0.49,31.82,0.0,NORMAL,NORMAL,-1.0896,37.0105,KE-NBI-001,JKUAT Main Farm, Juja,Generated (offline fallback)
2025-03-06,Thursday,March,3,2025,Long Rains,12,19.6,78.1,28.6,17.5,NW,63,17.17,0.4,32.84,0.0,CRITICAL,CRITICAL,-1.0896,37.0105,KE-NBI-001,JKUAT Main Farm, Juja,Generated (offline fallback)
2025-03-07,Friday,March,3,2025,Long Rains,12,21.9,77.9,21.0,5.0,NW,43,19.47,0.43,35.35,0.0,NORMAL,NORMAL,-1.0896,37.0105,KE-NBI-001,JKUAT Main Farm, Juja,Generated (offline fallback)
2025-03-08,Saturday,March,3,2025,Long Rains,12,19.8,97.9,38.4,14.6,S,48,17.77,0.13,36.65,0.0,CRITICAL,CRITICAL,-1.0896,37.0105,KE-NBI-001,JKUAT Main Farm, Juja,Generated (offline fallback)
2025-03-09,Sunday,March,3,2025,Long Rains,12,22.5,82.2,0.0,8.2,NW,52,20.16,0.39,36.8,5.0,NORMAL,NORMAL,-1.0896,37.0105,KE-NBI-001,JKUAT Main Farm, Juja,Generated (offline fallback)
2025-03-10,Monday,March,3,2025,Long Rains,12,23.1,60.2,0.0,5.3,SW,48,20.31,0.59,33.47,5.0,NORMAL,NORMAL,-1.0896,37.0105,KE-NBI-001,JKUAT Main Farm, Juja,Generated (offline fallback)
2025-03-11,Tuesday,March,3,2025,Long Rains,12,21.1,62.4,0.0,4.7,S,61,18.36,0.55,31.7,5.0,NORMAL,NORMAL,-1.0896,37.0105,KE-NBI-001,JKUAT Main Farm, Juja,Generated (offline fallback)
2025-03-12,Wednesday,March,3,2025,Long Rains,12,21.4,68.4,0.0,11.4,E,36,18.78,0.51,33.09,5.0,NORMAL,NORMAL,-1.0896,37.0105,KE-NBI-001,JKUAT Main Farm, Juja,Generated (offline fallback)
2025-03-13,Thursday,March,3,2025,Long Rains,12,27.5,72.0,29.9,11.1,NW,34,24.95,0.55,40.44,0.0,CRITICAL,CRITICAL,-1.0896,37.0105,KE-NBI-001,JKUAT Main Farm, Juja,Generated (offline fallback)
2025-03-14,Friday,March,3,2025,Long Rains,12,21.6,73.3,23.1,11.0,E,69,19.08,0.47,34.19,0.0,NORMAL,NORMAL,-1.0896,37.0105,KE-NBI-001,JKUAT Main Farm, Juja,Generated (offline fallback)
2025-03-15,Saturday,March,3,2025,Long Rains,12,25.9,61.5,0.0,14.6,SE,39,23.14,0.62,36.74,5.0,NORMAL,NORMAL,-1.0896,37.0105,KE-NBI-001,JKUAT Main Farm, Juja,Generated (offline fallback)
2025-03-16,Sunday,March,3,2025,Long Rains,12,19.8,61.0,9.7,4.1,N,54,17.03,0.54,30.04,0.0,WARNING,WARNING,-1.0896,37.0105,KE-NBI-001,JKUAT Main Farm, Juja,Generated (offline fallback)
2025-03-17,Monday,March,3,2025,Long Rains,12,25.3,79.1,0.0,4.0,E,39,22.89,0.45,39.34,5.0,NORMAL,NORMAL,-1.0896,37.0105,KE-NBI-001,JKUAT Main Farm, Juja,Generated (offline fallback)
2025-03-18,Tuesday,March,3,2025,Long Rains,12,27.2,77.6,0.0,9.5,E,48,24.76,0.49,41.16,5.0,NORMAL,NORMAL,-1.0896,37.0105,KE-NBI-001,JKUAT Main Farm, Juja,Generated (offline fallback)
2025-03-19,Wednesday,March,3,2025,Long Rains,12,24.7,81.1,0.0,13.6,SW,66,22.33,0.42,39.05,5.0,NORMAL,NORMAL,-1.0896,37.0105,KE-NBI-001,JKUAT Main Farm, Juja,Generated (offline fallback)
2025-03-20,Thursday,March,3,2025,Long Rains,12,21.9,79.2,17.4,15.4,S,51,19.5,0.42,35.59,0.0,NORMAL,NORMAL,-1.0896,37.0105,KE-NBI-001,JKUAT Main Farm, Juja,Generated (offline fallback)
2025-03-21,Friday,March,3,2025,Long Rains,12,27.8,79.0,0.0,6.0,NE,50,25.39,0.48,42.1,5.0,NORMAL,NORMAL,-1.0896,37.0105,KE-NBI-001,JKUAT Main Farm, Juja,Generated (offline fallback)
2025-03-22,Saturday,March,3,2025,Long Rains,12,25.3,90.5,29.8,15.0,NW,58,23.12,0.31,41.49,0.0,CRITICAL,CRITICAL,-1.0896,37.0105,KE-NBI-001,JKUAT Main Farm, Juja,Generated (offline fallback)
2025-03-23,Sunday,March,3,2025,Long Rains,12,26.5,69.7,0.0,12.1,N,34,23.9,0.56,38.91,5.0,NORMAL,NORMAL,-1.0896,37.0105,KE-NBI-001,JKUAT Main Farm, Juja,Generated (offline fallback)
2025-03-24,Monday,March,3,2025,Long Rains,12,22.6,82.3,38.5,9.7,S,47,20.26,0.39,36.93,0.0,CRITICAL,CRITICAL,-1.0896,37.0105,KE-NBI-001,JKUAT Main Farm, Juja,Generated (offline fallback)
2025-03-25,Tuesday,March,3,2025,Long Rains,12,19.1,72.4,0.0,15.7,N,61,16.56,0.45,31.28,5.0,WARNING,WARNING,-1.0896,37.0105,KE-NBI-001,JKUAT Main Farm, Juja,Generated (offline fallback)
2025-03-26,Wednesday,March,3,2025,Long Rains,12,26.9,68.5,26.8,14.5,S,32,24.28,0.58,39.12,0.0,CRITICAL,CRITICAL,-1.0896,37.0105,KE-NBI-001,JKUAT Main Farm, Juja,Generated (offline fallback)
2025-03-27,Thursday,March,3,2025,Long Rains,12,19.2,98.0,26.7,11.6,E,59,17.17,0.12,35.98,0.0,CRITICAL,CRITICAL,-1.0896,37.0105,KE-NBI-001,JKUAT Main Farm, Juja,Generated (offline fallback)
2025-03-28,Friday,March,3,2025,Long Rains,12,26.2,96.0,24.5,7.6,W,48,24.13,0.2,43.56,0.0,WARNING,WARNING,-1.0896,37.0105,KE-NBI-001,JKUAT Main Farm, Juja,Generated (offline fallback)
2025-03-29,Saturday,March,3,2025,Long Rains,12,25.4,84.9,0.0,14.6,SE,44,23.11,0.39,40.54,5.0,NORMAL,NORMAL,-1.0896,37.0105,KE-NBI-001,JKUAT Main Farm, Juja,Generated (offline fallback)
2025-03-30,Sunday,March,3,2025,Long Rains,12,18.1,89.6,15.8,3.8,NE,47,15.91,0.27,33.23,0.0,WARNING,WARNING,-1.0896,37.0105,KE-NBI-001,JKUAT Main Farm, Juja,Generated (offline fallback)
2025-03-31,Monday,March,3,2025,Long Rains,12,16.9,93.2,36.4,8.4,N,66,14.78,0.21,32.52,0.0,CRITICAL,CRITICAL,-1.0896,37.0105,KE-NBI-001,JKUAT Main Farm, Juja,Generated (offline fallback)
2025-04-01,Tuesday,April,4,2025,Long Rains,12,27.2,73.4,0.0,11.2,NW,37,24.68,0.53,40.37,5.0,NORMAL,NORMAL,-1.0896,37.0105,KE-NBI-001,JKUAT Main Farm, Juja,Generated (offline fallback)
2025-04-02,Wednesday,April,4,2025,Long Rains,12,24.9,92.2,0.0,8.6,N,37,22.76,0.27,41.36,5.0,WARNING,WARNING,-1.0896,37.0105,KE-NBI-001,JKUAT Main Farm, Juja,Generated (offline fallback)
2025-04-03,Thursday,April,4,2025,Long Rains,12,17.4,98.0,42.7,10.5,NE,45,15.37,0.11,33.94,0.0,CRITICAL,CRITICAL,-1.0896,37.0105,KE-NBI-001,JKUAT Main Farm, Juja,Generated (offline fallback)
2025-04-04,Friday,April,4,2025,Long Rains,12,19.6,77.8,15.4,10.4,E,42,17.17,0.41,32.79,0.0,WARNING,WARNING,-1.0896,37.0105,KE-NBI-001,JKUAT Main Farm, Juja,Generated (offline fallback)
2025-04-05,Saturday,April,4,2025,Long Rains,12,21.8,75.4,0.0,11.3,SE,60,19.32,0.45,34.79,5.0,NORMAL,NORMAL,-1.0896,37.0105,KE-NBI-001,JKUAT Main Farm, Juja,Generated (offline fallback)
2025-04-06,Sunday,April,4,2025,Long Rains,12,21.2,84.9,0.0,9.4,E,33,18.91,0.35,35.85,5.0,NORMAL,NORMAL,-1.0896,37.0105,KE-NBI-001,JKUAT Main Farm, Juja,Generated (offline fallback)
2025-04-07,Monday,April,4,2025,Long Rains,12,24.9,87.4,7.3,6.5,S,62,22.66,0.35,40.45,0.0,WARNING,WARNING,-1.0896,37.0105,KE-NBI-001,JKUAT Main Farm, Juja,Generated (offline fallback)
2025-04-08,Tuesday,April,4,2025,Long Rains,12,21.6,95.9,47.7,6.3,NW,51,19.53,0.18,38.32,0.0,CRITICAL,CRITICAL,-1.0896,37.0105,KE-NBI-001,JKUAT Main Farm, Juja,Generated (offline fallback)
2025-04-09,Wednesday,April,4,2025,Long Rains,12,24.3,78.4,7.7,10.6,SW,34,21.88,0.45,38.1,0.0,NORMAL,NORMAL,-1.0896,37.0105,KE-NBI-001,JKUAT Main Farm, Juja,Generated (offline fallback)
2025-04-10,Thursday,April,4,2025,Long Rains,12,22.7,90.6,37.2,13.9,NW,47,20.53,0.29,38.58,0.0,CRITICAL,CRITICAL,-1.0896,37.0105,KE-NBI-001,JKUAT Main Farm, Juja,Generated (offline fallback)
2025-04-11,Friday,April,4,2025,Long Rains,12,24.6,93.0,6.9,10.4,W,27,22.47,0.26,41.17,0.0,WARNING,WARNING,-1.0896,37.0105,KE-NBI-001,JKUAT Main Farm, Juja,Generated (offline fallback)
2025-04-12,Saturday,April,4,2025,Long Rains,12,27.1,98.0,14.7,13.4,NW,40,25.07,0.15,44.97,0.0,WARNING,WARNING,-1.0896,37.0105,KE-NBI-001,JKUAT Main Farm, Juja,Generated (offline fallback)
2025-04-13,Sunday,April,4,2025,Long Rains,12,29.1,98.0,16.9,9.4,NE,37,27.07,0.15,47.25,0.0,WARNING,WARNING,-1.0896,37.0105,KE-NBI-001,JKUAT Main Farm, Juja,Generated (offline fallback)
2025-04-14,Monday,April,4,2025,Long Rains,12,18.6,81.2,0.0,6.7,E,45,16.24,0.36,32.29,5.0,WARNING,WARNING,-1.0896,37.0105,KE-NBI-001,JKUAT Main Farm, Juja,Generated (offline fallback)
2025-04-15,Tuesday,April,4,2025,Long Rains,12,24.3,71.1,0.0,11.9,SE,49,21.73,0.52,36.75,5.0,NORMAL,NORMAL,-1.0896,37.0105,KE-NBI-001,JKUAT Main Farm, Juja,Generated (offline fallback)
2025-04-16,Wednesday,April,4,2025,Long Rains,12,20.2,72.7,0.0,5.2,N,26,17.66,0.46,32.54,5.0,NORMAL,NORMAL,-1.0896,37.0105,KE-NBI-001,JKUAT Main Farm, Juja,Generated (offline fallback)
2025-04-17,Thursday,April,4,2025,Long Rains,12,20.2,89.1,0.0,6.1,SE,43,18.0,0.29,35.49,5.0,WARNING,WARNING,-1.0896,37.0105,KE-NBI-001,JKUAT Main Farm, Juja,Generated (offline fallback)
2025-04-18,Friday,April,4,2025,Long Rains,12,23.3,94.1,31.4,3.6,S,45,21.2,0.23,39.91,0.0,CRITICAL,CRITICAL,-1.0896,37.0105,KE-NBI-001,JKUAT Main Farm, Juja,Generated (offline fallback)
2025-04-19,Saturday,April,4,2025,Long Rains,12,20.5,84.5,27.3,10.9,SW,25,18.2,0.35,34.99,0.0,CRITICAL,CRITICAL,-1.0896,37.0105,KE-NBI-001,JKUAT Main Farm, Juja,Generated (offline fallback)
2025-04-20,Sunday,April,4,2025,Long Rains,12,24.1,98.0,51.7,3.1,SE,40,22.07,0.14,41.55,0.0,CRITICAL,CRITICAL,-1.0896,37.0105,KE-NBI-001,JKUAT Main Farm, Juja,Generated (offline fallback)
2025-04-21,Monday,April,4,2025,Long Rains,12,24.3,71.3,0.0,3.0,NW,51,21.74,0.52,36.79,5.0,NORMAL,NORMAL,-1.0896,37.0105,KE-NBI-001,JKUAT Main Farm, Juja,Generated (offline fallback)
2025-04-22,Tuesday,April,4,2025,Long Rains,12,22.7,71.0,0.0,6.2,SE,63,20.13,0.5,34.98,5.0,NORMAL,NORMAL,-1.0896,37.0105,KE-NBI-001,JKUAT Main Farm, Juja,Generated (offline fallback)
2025-04-23,Wednesday,April,4,2025,Long Rains,12,26.3,95.2,22.5,7.1,SW,27,24.22,0.22,43.52,0.0,WARNING,WARNING,-1.0896,37.0105,KE-NBI-001,JKUAT Main Farm, Juja,Generated (offline fallback)
2025-04-24,Thursday,April,4,2025,Long Rains,12,24.7,94.6,35.5,11.7,NE,63,22.61,0.23,41.59,0.0,CRITICAL,CRITICAL,-1.0896,37.0105,KE-NBI-001,JKUAT Main Farm, Juja,Generated (offline fallback)
2025-04-25,Friday,April,4,2025,Long Rains,12,22.2,98.0,13.9,2.1,NW,64,20.17,0.13,39.39,0.0,WARNING,WARNING,-1.0896,37.0105,KE-NBI-001,JKUAT Main Farm, Juja,Generated (offline fallback)
2025-04-26,Saturday,April,4,2025,Long Rains,12,25.0,92.8,0.0,5.8,SW,25,22.87,0.26,41.59,5.0,WARNING,WARNING,-1.0896,37.0105,KE-NBI-001,JKUAT Main Farm, Juja,Generated (offline fallback)
2025-04-27,Sunday,April,4,2025,Long Rains,12,16.5,98.0,13.7,12.7,SE,54,14.47,0.11,32.92,0.0,WARNING,WARNING,-1.0896,37.0105,KE-NBI-001,JKUAT Main Farm, Juja,Generated (offline fallback)
2025-04-28,Monday,April,4,2025,Long Rains,12,25.2,87.4,19.6,14.8,SE,46,22.96,0.35,40.79,0.0,WARNING,WARNING,-1.0896,37.0105,KE-NBI-001,JKUAT Main Farm, Juja,Generated (offline fallback)
2025-04-29,Tuesday,April,4,2025,Long Rains,12,24.0,79.9,0.0,11.6,SW,52,21.61,0.43,38.05,5.0,NORMAL,NORMAL,-1.0896,37.0105,KE-NBI-001,JKUAT Main Farm, Juja,Generated (offline fallback)
2025-04-30,Wednesday,April,4,2025,Long Rains,12,20.1,93.7,38.9,13.4,SW,61,17.99,0.22,36.22,0.0,CRITICAL,CRITICAL,-1.0896,37.0105,KE-NBI-001,JKUAT Main Farm, Juja,Generated (offline fallback)
2025-05-01,Thursday,May,5,2025,Long Rains,12,19.3,89.3,8.2,16.6,NE,56,17.1,0.28,34.52,0.0,WARNING,WARNING,-1.0896,37.0105,KE-NBI-001,JKUAT Main Farm, Juja,Generated (offline fallback)
2025-05-02,Friday,May,5,2025,Long Rains,12,23.7,79.3,0.0,6.7,S,39,21.3,0.43,37.6,5.0,NORMAL,NORMAL,-1.0896,37.0105,KE-NBI-001,JKUAT Main Farm, Juja,Generated (offline fallback)
2025-05-03,Saturday,May,5,2025,Long Rains,12,21.3,93.3,19.2,8.9,SE,62,19.18,0.23,37.5,0.0,WARNING,WARNING,-1.0896,37.0105,KE-NBI-001,JKUAT Main Farm, Juja,Generated (offline fallback)
2025-05-04,Sunday,May,5,2025,Long Rains,12,20.5,73.7,0.0,17.1,E,34,17.98,0.45,33.05,5.0,NORMAL,NORMAL,-1.0896,37.0105,KE-NBI-001,JKUAT Main Farm, Juja,Generated (offline fallback)
2025-05-05,Monday,May,5,2025,Long Rains,12,27.7,84.2,36.4,4.0,NE,45,25.4,0.42,42.98,0.0,CRITICAL,CRITICAL,-1.0896,37.0105,KE-NBI-001,JKUAT Main Farm, Juja,Generated (offline fallback)
2025-05-06,Tuesday,May,5,2025,Long Rains,12,16.7,93.5,28.7,14.1,SE,49,14.58,0.2,32.35,0.0,CRITICAL,CRITICAL,-1.0896,37.0105,KE-NBI-001,JKUAT Main Farm, Juja,Generated (offline fallback)
2025-05-07,Wednesday,May,5,2025,Long Rains,12,19.1,90.5,0.0,6.5,W,57,16.92,0.26,34.51,5.0,WARNING,WARNING,-1.0896,37.0105,KE-NBI-001,JKUAT Main Farm, Juja,Generated (offline fallback)
2025-05-08,Thursday,May,5,2025,Long Rains,12,22.4,75.8,16.4,14.1,S,46,19.93,0.45,35.52,0.0,NORMAL,NORMAL,-1.0896,37.0105,KE-NBI-001,JKUAT Main Farm, Juja,Generated (offline fallback)
2025-05-09,Friday,May,5,2025,Long Rains,12,15.5,79.7,20.5,12.6,W,40,13.11,0.35,28.59,0.0,WARNING,WARNING,-1.0896,37.0105,KE-NBI-001,JKUAT Main Farm, Juja,Generated (offline fallback)
2025-05-10,Saturday,May,5,2025,Long Rains,12,16.8,70.5,6.9,3.2,NW,32,14.22,0.43,28.43,0.0,WARNING,WARNING,-1.0896,37.0105,KE-NBI-001,JKUAT Main Farm, Juja,Generated (offline fallback)
2025-05-11,Sunday,May,5,2025,Long Rains,12,17.5,89.1,32.2,8.7,N,42,15.3,0.27,32.46,0.0,CRITICAL,CRITICAL,-1.0896,37.0105,KE-NBI-001,JKUAT Main Farm, Juja,Generated (offline fallback)
2025-05-12,Monday,May,5,2025,Long Rains,12,25.4,69.5,0.0,10.7,SE,44,22.8,0.55,37.67,5.0,NORMAL,NORMAL,-1.0896,37.0105,KE-NBI-001,JKUAT Main Farm, Juja,Generated (offline fallback)
2025-05-13,Tuesday,May,5,2025,Long Rains,12,24.0,85.4,42.7,12.8,W,44,21.72,0.37,39.07,0.0,CRITICAL,CRITICAL,-1.0896,37.0105,KE-NBI-001,JKUAT Main Farm, Juja,Generated (offline fallback)
2025-05-14,Wednesday,May,5,2025,Long Rains,12,25.1,82.3,28.1,16.5,SE,39,22.76,0.42,39.72,0.0,CRITICAL,CRITICAL,-1.0896,37.0105,KE-NBI-001,JKUAT Main Farm, Juja,Generated (offline fallback)
2025-05-15,Thursday,May,5,2025,Long Rains,12,21.8,98.0,31.2,15.3,E,32,19.77,0.13,38.94,0.0,CRITICAL,CRITICAL,-1.0896,37.0105,KE-NBI-001,JKUAT Main Farm, Juja,Generated (offline fallback)
2025-05-16,Friday,May,5,2025,Long Rains,12,24.0,96.9,14.0,12.4,S,36,21.95,0.17,41.23,0.0,WARNING,WARNING,-1.0896,37.0105,KE-NBI-001,JKUAT Main Farm, Juja,Generated (offline fallback)
2025-05-17,Saturday,May,5,2025,Long Rains,12,21.8,85.7,26.6,4.1,S,37,19.53,0.34,36.66,0.0,CRITICAL,CRITICAL,-1.0896,37.0105,KE-NBI-001,JKUAT Main Farm, Juja,Generated (offline fallback)
2025-05-18,Sunday,May,5,2025,Long Rains,12,21.5,81.7,0.0,13.5,NW,63,19.15,0.39,35.6,5.0,NORMAL,NORMAL,-1.0896,37.0105,KE-NBI-001,JKUAT Main Farm, Juja,Generated (offline fallback)
2025-05-19,Monday,May,5,2025,Long Rains,12,26.4,80.7,37.7,8.3,SE,59,24.03,0.45,40.86,0.0,CRITICAL,CRITICAL,-1.0896,37.0105,KE-NBI-001,JKUAT Main Farm, Juja,Generated (offline fallback)
2025-05-20,Tuesday,May,5,2025,Long Rains,12,22.2,75.5,24.1,15.8,N,54,19.72,0.46,35.25,0.0,NORMAL,NORMAL,-1.0896,37.0105,KE-NBI-001,JKUAT Main Farm, Juja,Generated (offline fallback)
2025-05-21,Wednesday,May,5,2025,Long Rains,12,24.6,79.0,0.0,10.0,W,52,22.19,0.45,38.54,5.0,NORMAL,NORMAL,-1.0896,37.0105,KE-NBI-001,JKUAT Main Farm, Juja,Generated (offline fallback)
2025-05-22,Thursday,May,5,2025,Long Rains,12,16.4,88.4,0.0,5.2,NE,32,14.18,0.27,31.11,5.0,WARNING,WARNING,-1.0896,37.0105,KE-NBI-001,JKUAT Main Farm, Juja,Generated (offline fallback)
2025-05-23,Friday,May,5,2025,Long Rains,12,21.8,71.1,0.0,16.5,W,38,19.23,0.49,34.01,5.0,NORMAL,NORMAL,-1.0896,37.0105,KE-NBI-001,JKUAT Main Farm, Juja,Generated (offline fallback)
2025-05-24,Saturday,May,5,2025,Long Rains,12,22.3,69.8,3.8,6.5,SW,43,19.71,0.51,34.33,1.2,NORMAL,NORMAL,-1.0896,37.0105,KE-NBI-001,JKUAT Main Farm, Juja,Generated (offline fallback)
2025-05-25,Sunday,May,5,2025,Long Rains,12,17.5,89.5,17.1,11.1,S,38,15.3,0.26,32.54,0.0,WARNING,WARNING,-1.0896,37.0105,KE-NBI-001,JKUAT Main Farm, Juja,Generated (offline fallback)
2025-05-26,Monday,May,5,2025,Long Rains,12,19.4,70.8,44.3,10.9,NE,35,16.83,0.46,31.33,0.0,CRITICAL,CRITICAL,-1.0896,37.0105,KE-NBI-001,JKUAT Main Farm, Juja,Generated (offline fallback)
2025-05-27,Tuesday,May,5,2025,Long Rains,12,25.5,77.8,0.0,10.2,N,35,23.07,0.47,39.32,5.0,NORMAL,NORMAL,-1.0896,37.0105,KE-NBI-001,JKUAT Main Farm, Juja,Generated (offline fallback)
2025-05-28,Wednesday,May,5,2025,Long Rains,12,25.0,90.1,0.0,9.9,NW,60,22.82,0.31,41.07,5.0,WARNING,WARNING,-1.0896,37.0105,KE-NBI-001,JKUAT Main Farm, Juja,Generated (offline fallback)
2025-05-29,Thursday,May,5,2025,Long Rains,12,18.7,76.3,0.0,4.9,S,48,16.24,0.41,31.53,5.0,WARNING,WARNING,-1.0896,37.0105,KE-NBI-001,JKUAT Main Farm, Juja,Generated (offline fallback)
2025-05-30,Friday,May,5,2025,Long Rains,12,21.7,88.0,35.2,13.3,E,60,19.47,0.31,36.97,0.0,CRITICAL,CRITICAL,-1.0896,37.0105,KE-NBI-001,JKUAT Main Farm, Juja,Generated (offline fallback)
2025-05-31,Saturday,May,5,2025,Long Rains,12,25.3,93.3,30.7,4.7,S,52,23.18,0.26,42.02,0.0,CRITICAL,CRITICAL,-1.0896,37.0105,KE-NBI-001,JKUAT Main Farm, Juja,Generated (offline fallback)
2025-06-01,Sunday,June,6,2025,Dry (Jun-Aug),12,22.6,59.3,4.6,24.8,N,39,19.79,0.59,32.77,0.4,NORMAL,NORMAL,-1.0896,37.0105,KE-NBI-001,JKUAT Main Farm, Juja,Generated (offline fallback)
2025-06-02,Monday,June,6,2025,Dry (Jun-Aug),12,26.1,59.8,7.6,24.0,NE,83,23.3,0.64,36.64,0.0,NORMAL,NORMAL,-1.0896,37.0105,KE-NBI-001,JKUAT Main Farm, Juja,Generated (offline fallback)
2025-06-03,Tuesday,June,6,2025,Dry (Jun-Aug),12,16.9,69.5,5.7,16.0,SW,71,14.3,0.44,28.37,0.0,WARNING,WARNING,-1.0896,37.0105,KE-NBI-001,JKUAT Main Farm, Juja,Generated (offline fallback)
2025-06-04,Wednesday,June,6,2025,Dry (Jun-Aug),12,18.2,61.0,0.0,24.6,S,75,15.43,0.52,28.32,5.0,WARNING,WARNING,-1.0896,37.0105,KE-NBI-001,JKUAT Main Farm, Juja,Generated (offline fallback)
2025-06-05,Thursday,June,6,2025,Dry (Jun-Aug),12,23.1,52.9,0.0,29.2,SE,93,20.17,0.65,32.17,5.0,NORMAL,NORMAL,-1.0896,37.0105,KE-NBI-001,JKUAT Main Farm, Juja,Generated (offline fallback)
2025-06-06,Friday,June,6,2025,Dry (Jun-Aug),12,18.6,66.1,0.0,21.6,N,59,15.93,0.49,29.63,5.0,WARNING,WARNING,-1.0896,37.0105,KE-NBI-001,JKUAT Main Farm, Juja,Generated (offline fallback)
2025-06-07,Saturday,June,6,2025,Dry (Jun-Aug),12,20.9,51.4,0.0,24.5,S,81,17.94,0.62,29.55,5.0,NORMAL,NORMAL,-1.0896,37.0105,KE-NBI-001,JKUAT Main Farm, Juja,Generated (offline fallback)
2025-06-08,Sunday,June,6,2025,Dry (Jun-Aug),12,24.8,83.2,11.6,15.7,W,51,22.48,0.4,39.55,0.0,NORMAL,NORMAL,-1.0896,37.0105,KE-NBI-001,JKUAT Main Farm, Juja,Generated (offline fallback)
2025-06-09,Monday,June,6,2025,Dry (Jun-Aug),12,18.8,67.2,0.0,18.8,NW,72,16.15,0.48,30.04,5.0,WARNING,WARNING,-1.0896,37.0105,KE-NBI-001,JKUAT Main Farm, Juja,Generated (offline fallback)
2025-06-10,Tuesday,June,6,2025,Dry (Jun-Aug),12,18.1,57.0,2.3,12.3,W,61,15.25,0.54,27.52,2.7,WARNING,WARNING,-1.0896,37.0105,KE-NBI-001,JKUAT Main Farm, Juja,Generated (offline fallback)
2025-06-11,Wednesday,June,6,2025,Dry (Jun-Aug),12,21.7,55.5,0.0,17.3,NE,79,18.82,0.61,31.13,5.0,NORMAL,NORMAL,-1.0896,37.0105,KE-NBI-001,JKUAT Main Farm, Juja,Generated (offline fallback)
2025-06-12,Thursday,June,6,2025,Dry (Jun-Aug),12,19.5,64.3,0.0,31.2,E,91,16.8,0.51,30.3,5.0,WARNING,WARNING,-1.0896,37.0105,KE-NBI-001,JKUAT Main Farm, Juja,Generated (offline fallback)
2025-06-13,Friday,June,6,2025,Dry (Jun-Aug),12,16.2,66.6,0.0,16.1,N,59,13.54,0.45,27.11,5.0,WARNING,WARNING,-1.0896,37.0105,KE-NBI-001,JKUAT Main Farm, Juja,Generated (offline fallback)
2025-06-14,Saturday,June,6,2025,Dry (Jun-Aug),12,16.2,51.5,0.0,25.4,S,104,13.24,0.54,24.55,5.0,WARNING,WARNING,-1.0896,37.0105,KE-NBI-001,JKUAT Main Farm, Juja,Generated (offline fallback)
2025-06-15,Sunday,June,6,2025,Dry (Jun-Aug),12,23.0,70.1,0.0,29.5,SW,83,20.41,0.51,35.15,5.0,NORMAL,NORMAL,-1.0896,37.0105,KE-NBI-001,JKUAT Main Farm, Juja,Generated (offline fallback)
2025-06-16,Monday,June,6,2025,Dry (Jun-Aug),12,15.5,62.8,0.0,34.6,N,54,12.77,0.47,25.7,5.0,WARNING,WARNING,-1.0896,37.0105,KE-NBI-001,JKUAT Main Farm, Juja,Generated (offline fallback)
2025-06-17,Tuesday,June,6,2025,Dry (Jun-Aug),12,22.3,73.5,0.0,24.1,NW,60,19.78,0.47,34.99,5.0,NORMAL,NORMAL,-1.0896,37.0105,KE-NBI-001,JKUAT Main Farm, Juja,Generated (offline fallback)
2025-06-18,Wednesday,June,6,2025,Dry (Jun-Aug),12,19.1,72.3,0.0,24.3,E,69,16.56,0.45,31.26,5.0,WARNING,WARNING,-1.0896,37.0105,KE-NBI-001,JKUAT Main Farm, Juja,Generated (offline fallback)
2025-06-19,Thursday,June,6,2025,Dry (Jun-Aug),12,14.3,60.6,0.0,27.5,S,72,11.52,0.46,24.04,5.0,WARNING,WARNING,-1.0896,37.0105,KE-NBI-001,JKUAT Main Farm, Juja,Generated (offline fallback)
2025-06-20,Friday,June,6,2025,Dry (Jun-Aug),12,25.4,55.1,0.0,8.1,NW,37,22.51,0.67,35.03,5.0,NORMAL,NORMAL,-1.0896,37.0105,KE-NBI-001,JKUAT Main Farm, Juja,Generated (offline fallback)
2025-06-21,Saturday,June,6,2025,Dry (Jun-Aug),12,23.2,65.9,0.0,34.4,SE,57,20.53,0.55,34.6,5.0,NORMAL,NORMAL,-1.0896,37.0105,KE-NBI-001,JKUAT Main Farm, Juja,Generated (offline fallback)
2025-06-22,Sunday,June,6,2025,Dry (Jun-Aug),12,21.1,59.8,0.0,26.0,NE,102,18.3,0.57,31.24,5.0,WARNING,WARNING,-1.0896,37.0105,KE-NBI-001,JKUAT Main Farm, Juja,Generated (offline fallback)
2025-06-23,Monday,June,6,2025,Dry (Jun-Aug),12,21.7,71.8,0.0,23.1,S,75,19.15,0.48,34.03,5.0,NORMAL,NORMAL,-1.0896,37.0105,KE-NBI-001,JKUAT Main Farm, Juja,Generated (offline fallback)
2025-06-24,Tuesday,June,6,2025,Dry (Jun-Aug),12,19.0,56.3,0.0,13.6,SW,50,16.13,0.56,28.37,5.0,WARNING,WARNING,-1.0896,37.0105,KE-NBI-001,JKUAT Main Farm, Juja,Generated (offline fallback)
2025-06-25,Wednesday,June,6,2025,Dry (Jun-Aug),12,22.2,62.5,0.0,23.8,SW,44,19.46,0.56,32.91,5.0,NORMAL,NORMAL,-1.0896,37.0105,KE-NBI-001,JKUAT Main Farm, Juja,Generated (offline fallback)
2025-06-26,Thursday,June,6,2025,Dry (Jun-Aug),12,24.1,66.2,0.0,27.5,NW,93,21.43,0.56,35.64,5.0,NORMAL,NORMAL,-1.0896,37.0105,KE-NBI-001,JKUAT Main Farm, Juja,Generated (offline fallback)
2025-06-27,Friday,June,6,2025,Dry (Jun-Aug),12,19.3,57.8,0.0,22.6,E,80,16.46,0.55,28.95,5.0,WARNING,WARNING,-1.0896,37.0105,KE-NBI-001,JKUAT Main Farm, Juja,Generated (offline fallback)
2025-06-28,Saturday,June,6,2025,Dry (Jun-Aug),12,21.3,53.1,0.0,19.7,E,52,18.37,0.62,30.28,5.0,NORMAL,NORMAL,-1.0896,37.0105,KE-NBI-001,JKUAT Main Farm, Juja,Generated (offline fallback)
2025-06-29,Sunday,June,6,2025,Dry (Jun-Aug),12,20.6,67.2,0.0,14.4,S,43,17.95,0.51,32.0,5.0,NORMAL,NORMAL,-1.0896,37.0105,KE-NBI-001,JKUAT Main Farm, Juja,Generated (offline fallback)
2025-06-30,Monday,June,6,2025,Dry (Jun-Aug),12,16.0,53.1,4.9,20.3,N,43,13.07,0.53,24.61,0.1,WARNING,WARNING,-1.0896,37.0105,KE-NBI-001,JKUAT Main Farm, Juja,Generated (offline fallback)
2025-07-01,Tuesday,July,7,2025,Dry (Jun-Aug),12,17.7,66.2,0.0,15.7,S,55,15.03,0.47,28.67,5.0,WARNING,WARNING,-1.0896,37.0105,KE-NBI-001,JKUAT Main Farm, Juja,Generated (offline fallback)
2025-07-02,Wednesday,July,7,2025,Dry (Jun-Aug),12,13.1,71.5,0.0,13.2,SW,61,10.54,0.38,24.56,5.0,WARNING,WARNING,-1.0896,37.0105,KE-NBI-001,JKUAT Main Farm, Juja,Generated (offline fallback)
2025-07-03,Thursday,July,7,2025,Dry (Jun-Aug),12,18.1,63.0,0.0,39.2,S,107,15.37,0.5,28.55,5.0,WARNING,WARNING,-1.0896,37.0105,KE-NBI-001,JKUAT Main Farm, Juja,Generated (offline fallback)
2025-07-04,Friday,July,7,2025,Dry (Jun-Aug),12,18.5,49.6,0.0,23.4,SE,88,15.5,0.59,26.68,5.0,WARNING,WARNING,-1.0896,37.0105,KE-NBI-001,JKUAT Main Farm, Juja,Generated (offline fallback)
2025-07-05,Saturday,July,7,2025,Dry (Jun-Aug),12,23.6,52.8,0.0,12.0,SW,53,20.66,0.65,32.69,5.0,NORMAL,NORMAL,-1.0896,37.0105,KE-NBI-001,JKUAT Main Farm, Juja,Generated (offline fallback)
2025-07-06,Sunday,July,7,2025,Dry (Jun-Aug),12,17.4,67.2,0.0,37.7,SW,85,14.75,0.46,28.52,5.0,WARNING,WARNING,-1.0896,37.0105,KE-NBI-001,JKUAT Main Farm, Juja,Generated (offline fallback)
2025-07-07,Monday,July,7,2025,Dry (Jun-Aug),12,13.3,68.3,0.0,30.5,S,97,10.68,0.4,24.24,5.0,WARNING,WARNING,-1.0896,37.0105,KE-NBI-001,JKUAT Main Farm, Juja,Generated (offline fallback)
2025-07-08,Tuesday,July,7,2025,Dry (Jun-Aug),12,18.9,58.2,0.0,27.9,N,74,16.07,0.55,28.59,5.0,WARNING,WARNING,-1.0896,37.0105,KE-NBI-001,JKUAT Main Farm, Juja,Generated (offline fallback)
2025-07-09,Wednesday,July,7,2025,Dry (Jun-Aug),12,17.8,56.2,0.0,34.3,SW,86,14.93,0.54,27.06,5.0,WARNING,WARNING,-1.0896,37.0105,KE-NBI-001,JKUAT Main Farm, Juja,Generated (offline fallback)
2025-07-10,Thursday,July,7,2025,Dry (Jun-Aug),12,23.6,56.6,6.5,14.6,SE,85,20.74,0.63,33.37,0.0,NORMAL,NORMAL,-1.0896,37.0105,KE-NBI-001,JKUAT Main Farm, Juja,Generated (offline fallback)
2025-07-11,Friday,July,7,2025,Dry (Jun-Aug),12,22.4,69.0,0.0,21.3,N,60,19.79,0.51,34.29,5.0,NORMAL,NORMAL,-1.0896,37.0105,KE-NBI-001,JKUAT Main Farm, Juja,Generated (offline fallback)
2025-07-12,Saturday,July,7,2025,Dry (Jun-Aug),12,19.2,68.7,0.0,17.5,S,43,16.58,0.48,30.74,5.0,WARNING,WARNING,-1.0896,37.0105,KE-NBI-001,JKUAT Main Farm, Juja,Generated (offline fallback)
2025-07-13,Sunday,July,7,2025,Dry (Jun-Aug),12,18.0,49.6,0.0,10.6,SE,83,15.0,0.58,26.15,5.0,WARNING,WARNING,-1.0896,37.0105,KE-NBI-001,JKUAT Main Farm, Juja,Generated (offline fallback)
2025-07-14,Monday,July,7,2025,Dry (Jun-Aug),12,22.6,54.7,6.8,18.2,E,89,19.7,0.63,31.95,0.0,NORMAL,NORMAL,-1.0896,37.0105,KE-NBI-001,JKUAT Main Farm, Juja,Generated (offline fallback)
2025-07-15,Tuesday,July,7,2025,Dry (Jun-Aug),12,16.3,56.6,0.0,34.7,NW,85,13.44,0.52,25.52,5.0,WARNING,WARNING,-1.0896,37.0105,KE-NBI-001,JKUAT Main Farm, Juja,Generated (offline fallback)
2025-07-16,Wednesday,July,7,2025,Dry (Jun-Aug),12,22.6,57.5,0.0,18.9,N,61,19.76,0.61,32.45,5.0,NORMAL,NORMAL,-1.0896,37.0105,KE-NBI-001,JKUAT Main Farm, Juja,Generated (offline fallback)
2025-07-17,Thursday,July,7,2025,Dry (Jun-Aug),12,16.0,58.9,0.0,37.6,S,121,13.19,0.5,25.58,5.0,WARNING,WARNING,-1.0896,37.0105,KE-NBI-001,JKUAT Main Farm, Juja,Generated (offline fallback)
2025-07-18,Friday,July,7,2025,Dry (Jun-Aug),12,16.1,66.7,0.0,20.5,E,89,13.44,0.45,27.02,5.0,WARNING,WARNING,-1.0896,37.0105,KE-NBI-001,JKUAT Main Farm, Juja,Generated (offline fallback)
2025-07-19,Saturday,July,7,2025,Dry (Jun-Aug),12,23.3,68.7,4.0,10.0,NE,87,20.68,0.53,35.22,1.0,NORMAL,NORMAL,-1.0896,37.0105,KE-NBI-001,JKUAT Main Farm, Juja,Generated (offline fallback)
2025-07-20,Sunday,July,7,2025,Dry (Jun-Aug),12,16.8,69.8,0.0,30.1,SW,92,14.21,0.44,28.31,5.0,WARNING,WARNING,-1.0896,37.0105,KE-NBI-001,JKUAT Main Farm, Juja,Generated (offline fallback)
2025-07-21,Monday,July,7,2025,Dry (Jun-Aug),12,15.2,59.9,0.0,29.3,W,54,12.41,0.48,24.89,5.0,WARNING,WARNING,-1.0896,37.0105,KE-NBI-001,JKUAT Main Farm, Juja,Generated (offline fallback)
2025-07-22,Tuesday,July,7,2025,Dry (Jun-Aug),12,18.8,66.1,0.0,11.2,W,68,16.13,0.49,29.85,5.0,WARNING,WARNING,-1.0896,37.0105,KE-NBI-001,JKUAT Main Farm, Juja,Generated (offline fallback)
2025-07-23,Wednesday,July,7,2025,Dry (Jun-Aug),12,22.5,61.1,0.0,25.9,SW,73,19.73,0.58,32.98,5.0,NORMAL,NORMAL,-1.0896,37.0105,KE-NBI-001,JKUAT Main Farm, Juja,Generated (offline fallback)
2025-07-24,Thursday,July,7,2025,Dry (Jun-Aug),12,18.9,62.5,0.0,22.0,SW,58,16.16,0.52,29.33,5.0,WARNING,WARNING,-1.0896,37.0105,KE-NBI-001,JKUAT Main Farm, Juja,Generated (offline fallback)
2025-07-25,Friday,July,7,2025,Dry (Jun-Aug),12,23.4,51.2,0.0,37.2,SE,98,20.43,0.66,32.19,5.0,NORMAL,NORMAL,-1.0896,37.0105,KE-NBI-001,JKUAT Main Farm, Juja,Generated (offline fallback)
2025-07-26,Saturday,July,7,2025,Dry (Jun-Aug),12,18.6,49.6,0.0,13.3,S,78,15.6,0.59,26.79,5.0,WARNING,WARNING,-1.0896,37.0105,KE-NBI-001,JKUAT Main Farm, Juja,Generated (offline fallback)
2025-07-27,Sunday,July,7,2025,Dry (Jun-Aug),12,24.8,61.8,0.0,26.6,NW,60,22.05,0.61,35.6,5.0,NORMAL,NORMAL,-1.0896,37.0105,KE-NBI-001,JKUAT Main Farm, Juja,Generated (offline fallback)
2025-07-28,Monday,July,7,2025,Dry (Jun-Aug),12,16.8,54.1,0.0,38.4,S,80,13.89,0.54,25.63,5.0,WARNING,WARNING,-1.0896,37.0105,KE-NBI-001,JKUAT Main Farm, Juja,Generated (offline fallback)
2025-07-29,Tuesday,July,7,2025,Dry (Jun-Aug),12,24.0,56.5,6.8,15.5,SW,65,21.14,0.63,33.78,0.0,NORMAL,NORMAL,-1.0896,37.0105,KE-NBI-001,JKUAT Main Farm, Juja,Generated (offline fallback)
2025-07-30,Wednesday,July,7,2025,Dry (Jun-Aug),12,20.8,63.7,0.0,19.8,NE,72,18.08,0.53,31.6,5.0,NORMAL,NORMAL,-1.0896,37.0105,KE-NBI-001,JKUAT Main Farm, Juja,Generated (offline fallback)
2025-07-31,Thursday,July,7,2025,Dry (Jun-Aug),12,21.9,64.9,0.0,39.4,N,89,19.21,0.54,33.01,5.0,NORMAL,NORMAL,-1.0896,37.0105,KE-NBI-001,JKUAT Main Farm, Juja,Generated (offline fallback)
2025-08-01,Friday,August,8,2025,Dry (Jun-Aug),12,17.5,48.1,0.0,32.4,SW,72,14.47,0.58,25.37,5.0,WARNING,WARNING,-1.0896,37.0105,KE-NBI-001,JKUAT Main Farm, Juja,Generated (offline fallback)
2025-08-02,Saturday,August,8,2025,Dry (Jun-Aug),12,18.1,60.1,0.0,10.9,E,47,15.31,0.52,28.05,5.0,WARNING,WARNING,-1.0896,37.0105,KE-NBI-001,JKUAT Main Farm, Juja,Generated (offline fallback)
2025-08-03,Sunday,August,8,2025,Dry (Jun-Aug),12,15.5,58.6,0.0,14.1,E,67,12.68,0.49,24.99,5.0,WARNING,WARNING,-1.0896,37.0105,KE-NBI-001,JKUAT Main Farm, Juja,Generated (offline fallback)
2025-08-04,Monday,August,8,2025,Dry (Jun-Aug),12,24.4,62.9,0.0,23.7,NW,82,21.67,0.59,35.37,5.0,NORMAL,NORMAL,-1.0896,37.0105,KE-NBI-001,JKUAT Main Farm, Juja,Generated (offline fallback)
2025-08-05,Tuesday,August,8,2025,Dry (Jun-Aug),12,21.4,70.6,3.4,31.9,E,55,18.82,0.49,33.48,1.6,NORMAL,NORMAL,-1.0896,37.0105,KE-NBI-001,JKUAT Main Farm, Juja,Generated (offline fallback)
2025-08-06,Wednesday,August,8,2025,Dry (Jun-Aug),12,24.3,54.5,6.1,32.6,SE,41,21.4,0.65,33.74,0.0,NORMAL,NORMAL,-1.0896,37.0105,KE-NBI-001,JKUAT Main Farm, Juja,Generated (offline fallback)
2025-08-07,Thursday,August,8,2025,Dry (Jun-Aug),12,22.3,59.3,0.0,15.8,SW,53,19.49,0.59,32.45,5.0,NORMAL,NORMAL,-1.0896,37.0105,KE-NBI-001,JKUAT Main Farm, Juja,Generated (offline fallback)
2025-08-08,Friday,August,8,2025,Dry (Jun-Aug),12,22.7,52.2,0.0,16.1,SW,39,19.75,0.64,31.62,5.0,NORMAL,NORMAL,-1.0896,37.0105,KE-NBI-001,JKUAT Main Farm, Juja,Generated (offline fallback)
2025-08-09,Saturday,August,8,2025,Dry (Jun-Aug),12,16.4,59.4,0.0,11.5,NE,55,13.6,0.5,26.1,5.0,WARNING,WARNING,-1.0896,37.0105,KE-NBI-001,JKUAT Main Farm, Juja,Generated (offline fallback)
2025-08-10,Sunday,August,8,2025,Dry (Jun-Aug),12,19.1,62.6,0.0,11.5,SW,61,16.36,0.52,29.57,5.0,WARNING,WARNING,-1.0896,37.0105,KE-NBI-001,JKUAT Main Farm, Juja,Generated (offline fallback)
2025-08-11,Monday,August,8,2025,Dry (Jun-Aug),12,21.1,71.0,0.0,29.0,SW,93,18.53,0.48,33.23,5.0,NORMAL,NORMAL,-1.0896,37.0105,KE-NBI-001,JKUAT Main Farm, Juja,Generated (offline fallback)
2025-08-12,Tuesday,August,8,2025,Dry (Jun-Aug),12,20.6,66.0,0.0,26.5,SW,95,17.93,0.51,31.79,5.0,NORMAL,NORMAL,-1.0896,37.0105,KE-NBI-001,JKUAT Main Farm, Juja,Generated (offline fallback)
2025-08-13,Wednesday,August,8,2025,Dry (Jun-Aug),12,19.7,68.2,0.0,14.5,S,54,17.07,0.49,31.2,5.0,WARNING,WARNING,-1.0896,37.0105,KE-NBI-001,JKUAT Main Farm, Juja,Generated (offline fallback)
2025-08-14,Thursday,August,8,2025,Dry (Jun-Aug),12,19.0,58.1,5.7,26.0,NW,66,16.17,0.55,28.68,0.0,WARNING,WARNING,-1.0896,37.0105,KE-NBI-001,JKUAT Main Farm, Juja,Generated (offline fallback)
2025-08-15,Friday,August,8,2025,Dry (Jun-Aug),12,24.3,48.5,0.0,33.4,NE,95,21.28,0.69,32.67,5.0,NORMAL,NORMAL,-1.0896,37.0105,KE-NBI-001,JKUAT Main Farm, Juja,Generated (offline fallback)
2025-08-16,Saturday,August,8,2025,Dry (Jun-Aug),12,17.4,56.0,0.0,13.9,SW,55,14.53,0.54,26.6,5.0,WARNING,WARNING,-1.0896,37.0105,KE-NBI-001,JKUAT Main Farm, Juja,Generated (offline fallback)
2025-08-17,Sunday,August,8,2025,Dry (Jun-Aug),12,20.5,70.4,0.0,11.0,NE,79,17.92,0.48,32.46,5.0,NORMAL,NORMAL,-1.0896,37.0105,KE-NBI-001,JKUAT Main Farm, Juja,Generated (offline fallback)
2025-08-18,Monday,August,8,2025,Dry (Jun-Aug),12,19.3,59.7,0.0,24.3,N,53,16.5,0.54,29.28,5.0,WARNING,WARNING,-1.0896,37.0105,KE-NBI-001,JKUAT Main Farm, Juja,Generated (offline fallback)
2025-08-19,Tuesday,August,8,2025,Dry (Jun-Aug),12,24.7,56.8,0.0,37.6,NW,103,21.84,0.64,34.59,5.0,WARNING,WARNING,-1.0896,37.0105,KE-NBI-001,JKUAT Main Farm, Juja,Generated (offline fallback)
2025-08-20,Wednesday,August,8,2025,Dry (Jun-Aug),12,25.1,49.1,0.0,30.3,NW,82,22.09,0.7,33.63,5.0,NORMAL,NORMAL,-1.0896,37.0105,KE-NBI-001,JKUAT Main Farm, Juja,Generated (offline fallback)
2025-08-21,Thursday,August,8,2025,Dry (Jun-Aug),12,18.1,53.0,4.1,23.5,NE,78,15.17,0.57,26.84,0.9,WARNING,WARNING,-1.0896,37.0105,KE-NBI-001,JKUAT Main Farm, Juja,Generated (offline fallback)
2025-08-22,Friday,August,8,2025,Dry (Jun-Aug),12,23.0,69.3,0.0,32.3,W,111,20.4,0.52,35.0,5.0,WARNING,WARNING,-1.0896,37.0105,KE-NBI-001,JKUAT Main Farm, Juja,Generated (offline fallback)
2025-08-23,Saturday,August,8,2025,Dry (Jun-Aug),12,22.7,62.0,0.0,12.1,E,78,19.95,0.57,33.36,5.0,NORMAL,NORMAL,-1.0896,37.0105,KE-NBI-001,JKUAT Main Farm, Juja,Generated (offline fallback)
2025-08-24,Sunday,August,8,2025,Dry (Jun-Aug),12,22.7,57.9,0.0,24.7,W,39,19.87,0.6,32.63,5.0,NORMAL,NORMAL,-1.0896,37.0105,KE-NBI-001,JKUAT Main Farm, Juja,Generated (offline fallback)
2025-08-25,Monday,August,8,2025,Dry (Jun-Aug),12,23.3,58.8,7.0,33.3,NW,63,20.48,0.61,33.44,0.0,NORMAL,NORMAL,-1.0896,37.0105,KE-NBI-001,JKUAT Main Farm, Juja,Generated (offline fallback)
2025-08-26,Tuesday,August,8,2025,Dry (Jun-Aug),12,24.0,57.3,0.0,19.9,NE,60,21.15,0.63,33.92,5.0,NORMAL,NORMAL,-1.0896,37.0105,KE-NBI-001,JKUAT Main Farm, Juja,Generated (offline fallback)
2025-08-27,Wednesday,August,8,2025,Dry (Jun-Aug),12,19.4,68.7,0.0,9.1,NE,47,16.78,0.48,30.96,5.0,WARNING,WARNING,-1.0896,37.0105,KE-NBI-001,JKUAT Main Farm, Juja,Generated (offline fallback)
2025-08-28,Thursday,August,8,2025,Dry (Jun-Aug),12,18.3,65.9,0.0,11.5,N,85,15.63,0.48,29.27,5.0,WARNING,WARNING,-1.0896,37.0105,KE-NBI-001,JKUAT Main Farm, Juja,Generated (offline fallback)
2025-08-29,Friday,August,8,2025,Dry (Jun-Aug),12,23.3,55.0,7.6,33.1,NW,60,20.41,0.63,32.76,0.0,NORMAL,NORMAL,-1.0896,37.0105,KE-NBI-001,JKUAT Main Farm, Juja,Generated (offline fallback)
2025-08-30,Saturday,August,8,2025,Dry (Jun-Aug),12,22.0,58.7,0.0,25.3,N,109,19.18,0.59,32.02,5.0,WARNING,WARNING,-1.0896,37.0105,KE-NBI-001,JKUAT Main Farm, Juja,Generated (offline fallback)
2025-08-31,Sunday,August,8,2025,Dry (Jun-Aug),12,19.7,60.5,0.0,13.8,NW,51,16.92,0.54,29.85,5.0,WARNING,WARNING,-1.0896,37.0105,KE-NBI-001,JKUAT Main Farm, Juja,Generated (offline fallback)
2025-09-01,Monday,September,9,2025,Short Rains,12,25.9,55.8,3.5,24.7,SE,63,23.02,0.67,35.7,1.5,NORMAL,NORMAL,-1.0896,37.0105,KE-NBI-001,JKUAT Main Farm, Juja,Generated (offline fallback)
2025-09-02,Tuesday,September,9,2025,Short Rains,12,20.4,72.4,0.0,12.3,NW,51,17.86,0.46,32.71,5.0,NORMAL,NORMAL,-1.0896,37.0105,KE-NBI-001,JKUAT Main Farm, Juja,Generated (offline fallback)
2025-09-03,Wednesday,September,9,2025,Short Rains,12,21.2,78.0,0.0,5.2,S,70,18.77,0.42,34.6,5.0,NORMAL,NORMAL,-1.0896,37.0105,KE-NBI-001,JKUAT Main Farm, Juja,Generated (offline fallback)
2025-09-04,Thursday,September,9,2025,Short Rains,12,20.8,57.0,0.0,22.4,N,39,17.95,0.58,30.42,5.0,NORMAL,NORMAL,-1.0896,37.0105,KE-NBI-001,JKUAT Main Farm, Juja,Generated (offline fallback)
2025-09-05,Friday,September,9,2025,Short Rains,12,23.3,74.6,0.0,18.7,SW,74,20.8,0.48,36.3,5.0,NORMAL,NORMAL,-1.0896,37.0105,KE-NBI-001,JKUAT Main Farm, Juja,Generated (offline fallback)
2025-09-06,Saturday,September,9,2025,Short Rains,12,26.3,75.4,0.0,22.8,SW,44,23.82,0.5,39.75,5.0,NORMAL,NORMAL,-1.0896,37.0105,KE-NBI-001,JKUAT Main Farm, Juja,Generated (offline fallback)
2025-09-07,Sunday,September,9,2025,Short Rains,12,26.3,71.1,0.0,12.1,E,45,23.73,0.55,38.95,5.0,NORMAL,NORMAL,-1.0896,37.0105,KE-NBI-001,JKUAT Main Farm, Juja,Generated (offline fallback)
2025-09-08,Monday,September,9,2025,Short Rains,12,26.4,72.5,26.8,10.6,S,55,23.86,0.53,39.32,0.0,CRITICAL,CRITICAL,-1.0896,37.0105,KE-NBI-001,JKUAT Main Farm, Juja,Generated (offline fallback)
2025-09-09,Tuesday,September,9,2025,Short Rains,12,20.3,78.2,0.0,18.4,NE,36,17.88,0.41,33.64,5.0,NORMAL,NORMAL,-1.0896,37.0105,KE-NBI-001,JKUAT Main Farm, Juja,Generated (offline fallback)
2025-09-10,Wednesday,September,9,2025,Short Rains,12,27.0,69.7,19.1,17.5,E,36,24.4,0.57,39.46,0.0,NORMAL,NORMAL,-1.0896,37.0105,KE-NBI-001,JKUAT Main Farm, Juja,Generated (offline fallback)
2025-09-11,Thursday,September,9,2025,Short Rains,12,25.2,81.3,0.0,12.4,S,30,22.84,0.43,39.64,5.0,NORMAL,NORMAL,-1.0896,37.0105,KE-NBI-001,JKUAT Main Farm, Juja,Generated (offline fallback)
2025-09-12,Friday,September,9,2025,Short Rains,12,24.3,66.0,0.0,11.1,NW,30,21.63,0.56,35.82,5.0,NORMAL,NORMAL,-1.0896,37.0105,KE-NBI-001,JKUAT Main Farm, Juja,Generated (offline fallback)
2025-09-13,Saturday,September,9,2025,Short Rains,12,25.4,66.7,0.0,10.4,W,58,22.74,0.57,37.15,5.0,NORMAL,NORMAL,-1.0896,37.0105,KE-NBI-001,JKUAT Main Farm, Juja,Generated (offline fallback)
2025-09-14,Sunday,September,9,2025,Short Rains,12,25.0,55.8,0.0,17.0,E,63,22.12,0.65,34.73,5.0,NORMAL,NORMAL,-1.0896,37.0105,KE-NBI-001,JKUAT Main Farm, Juja,Generated (offline fallback)
2025-09-15,Monday,September,9,2025,Short Rains,12,19.6,69.7,17.3,10.9,SE,61,17.0,0.47,31.35,0.0,WARNING,WARNING,-1.0896,37.0105,KE-NBI-001,JKUAT Main Farm, Juja,Generated (offline fallback)
2025-09-16,Tuesday,September,9,2025,Short Rains,12,19.8,60.6,2.9,11.6,S,46,17.02,0.54,29.98,2.1,WARNING,WARNING,-1.0896,37.0105,KE-NBI-001,JKUAT Main Farm, Juja,Generated (offline fallback)
2025-09-17,Wednesday,September,9,2025,Short Rains,12,26.0,87.6,20.8,20.8,SE,56,23.76,0.35,41.72,0.0,WARNING,WARNING,-1.0896,37.0105,KE-NBI-001,JKUAT Main Farm, Juja,Generated (offline fallback)
2025-09-18,Thursday,September,9,2025,Short Rains,12,24.4,70.3,0.0,20.8,W,54,21.82,0.53,36.72,5.0,NORMAL,NORMAL,-1.0896,37.0105,KE-NBI-001,JKUAT Main Farm, Juja,Generated (offline fallback)
2025-09-19,Friday,September,9,2025,Short Rains,12,24.2,62.9,0.0,23.9,N,72,21.47,0.59,35.15,5.0,NORMAL,NORMAL,-1.0896,37.0105,KE-NBI-001,JKUAT Main Farm, Juja,Generated (offline fallback)
2025-09-20,Saturday,September,9,2025,Short Rains,12,26.5,73.8,0.0,23.4,W,36,23.99,0.52,39.67,5.0,NORMAL,NORMAL,-1.0896,37.0105,KE-NBI-001,JKUAT Main Farm, Juja,Generated (offline fallback)
2025-09-21,Sunday,September,9,2025,Short Rains,12,26.7,71.1,0.0,17.0,S,35,24.13,0.55,39.39,5.0,NORMAL,NORMAL,-1.0896,37.0105,KE-NBI-001,JKUAT Main Farm, Juja,Generated (offline fallback)
2025-09-22,Monday,September,9,2025,Short Rains,12,16.2,69.5,6.2,22.5,SW,58,13.6,0.43,27.6,0.0,WARNING,WARNING,-1.0896,37.0105,KE-NBI-001,JKUAT Main Farm, Juja,Generated (offline fallback)
2025-09-23,Tuesday,September,9,2025,Short Rains,12,19.2,61.4,5.6,19.6,N,35,16.44,0.53,29.47,0.0,WARNING,WARNING,-1.0896,37.0105,KE-NBI-001,JKUAT Main Farm, Juja,Generated (offline fallback)
2025-09-24,Wednesday,September,9,2025,Short Rains,12,26.7,71.5,0.0,15.3,SW,42,24.14,0.55,39.46,5.0,NORMAL,NORMAL,-1.0896,37.0105,KE-NBI-001,JKUAT Main Farm, Juja,Generated (offline fallback)
2025-09-25,Thursday,September,9,2025,Short Rains,12,27.1,59.5,0.0,15.6,W,66,24.3,0.66,37.67,5.0,NORMAL,NORMAL,-1.0896,37.0105,KE-NBI-001,JKUAT Main Farm, Juja,Generated (offline fallback)
2025-09-26,Friday,September,9,2025,Short Rains,12,26.2,57.9,0.0,8.8,N,48,23.37,0.66,36.4,5.0,NORMAL,NORMAL,-1.0896,37.0105,KE-NBI-001,JKUAT Main Farm, Juja,Generated (offline fallback)
2025-09-27,Saturday,September,9,2025,Short Rains,12,21.6,57.8,0.0,21.9,SW,69,18.76,0.59,31.43,5.0,NORMAL,NORMAL,-1.0896,37.0105,KE-NBI-001,JKUAT Main Farm, Juja,Generated (offline fallback)
2025-09-28,Sunday,September,9,2025,Short Rains,12,23.4,75.6,10.6,8.9,N,56,20.92,0.47,36.59,0.0,NORMAL,NORMAL,-1.0896,37.0105,KE-NBI-001,JKUAT Main Farm, Juja,Generated (offline fallback)
2025-09-29,Monday,September,9,2025,Short Rains,12,17.4,89.8,19.8,22.0,S,58,15.21,0.26,32.48,0.0,WARNING,WARNING,-1.0896,37.0105,KE-NBI-001,JKUAT Main Farm, Juja,Generated (offline fallback)
2025-09-30,Tuesday,September,9,2025,Short Rains,12,25.2,81.6,0.0,5.8,E,38,22.84,0.42,39.7,5.0,NORMAL,NORMAL,-1.0896,37.0105,KE-NBI-001,JKUAT Main Farm, Juja,Generated (offline fallback)
2025-10-01,Wednesday,October,10,2025,Short Rains,12,27.4,66.4,9.8,13.9,W,64,24.74,0.6,39.28,0.0,NORMAL,NORMAL,-1.0896,37.0105,KE-NBI-001,JKUAT Main Farm, Juja,Generated (offline fallback)
2025-10-02,Thursday,October,10,2025,Short Rains,12,24.1,66.0,4.7,18.1,N,41,21.43,0.56,35.6,0.3,NORMAL,NORMAL,-1.0896,37.0105,KE-NBI-001,JKUAT Main Farm, Juja,Generated (offline fallback)
2025-10-03,Friday,October,10,2025,Short Rains,12,27.3,92.1,18.1,11.0,S,65,25.16,0.29,44.05,0.0,WARNING,WARNING,-1.0896,37.0105,KE-NBI-001,JKUAT Main Farm, Juja,Generated (offline fallback)
2025-10-04,Saturday,October,10,2025,Short Rains,12,24.4,81.5,38.8,14.1,W,67,22.04,0.42,38.79,0.0,CRITICAL,CRITICAL,-1.0896,37.0105,KE-NBI-001,JKUAT Main Farm, Juja,Generated (offline fallback)
2025-10-05,Sunday,October,10,2025,Short Rains,12,22.7,85.2,33.5,5.5,E,33,20.42,0.36,37.58,0.0,CRITICAL,CRITICAL,-1.0896,37.0105,KE-NBI-001,JKUAT Main Farm, Juja,Generated (offline fallback)
2025-10-06,Monday,October,10,2025,Short Rains,12,19.5,85.0,0.0,9.0,SW,47,17.21,0.33,33.97,5.0,WARNING,WARNING,-1.0896,37.0105,KE-NBI-001,JKUAT Main Farm, Juja,Generated (offline fallback)
2025-10-07,Tuesday,October,10,2025,Short Rains,12,27.3,68.0,0.0,18.4,W,40,24.67,0.59,39.47,5.0,NORMAL,NORMAL,-1.0896,37.0105,KE-NBI-001,JKUAT Main Farm, Juja,Generated (offline fallback)
2025-10-08,Wednesday,October,10,2025,Short Rains,12,23.0,65.0,0.0,9.1,SE,43,20.31,0.56,34.22,5.0,NORMAL,NORMAL,-1.0896,37.0105,KE-NBI-001,JKUAT Main Farm, Juja,Generated (offline fallback)
2025-10-09,Thursday,October,10,2025,Short Rains,12,20.8,71.9,0.0,11.6,NW,51,18.25,0.47,33.06,5.0,NORMAL,NORMAL,-1.0896,37.0105,KE-NBI-001,JKUAT Main Farm, Juja,Generated (offline fallback)
2025-10-10,Friday,October,10,2025,Short Rains,12,17.8,61.0,3.3,6.4,W,65,15.03,0.51,27.88,1.7,WARNING,WARNING,-1.0896,37.0105,KE-NBI-001,JKUAT Main Farm, Juja,Generated (offline fallback)
2025-10-11,Saturday,October,10,2025,Short Rains,12,27.3,62.1,7.5,7.8,SE,37,24.55,0.64,38.37,0.0,NORMAL,NORMAL,-1.0896,37.0105,KE-NBI-001,JKUAT Main Farm, Juja,Generated (offline fallback)
2025-10-12,Sunday,October,10,2025,Short Rains,12,25.9,94.6,33.1,6.7,SE,44,23.81,0.23,42.95,0.0,CRITICAL,CRITICAL,-1.0896,37.0105,KE-NBI-001,JKUAT Main Farm, Juja,Generated (offline fallback)
2025-10-13,Monday,October,10,2025,Short Rains,12,28.3,86.2,0.0,19.1,W,39,26.04,0.39,44.04,5.0,WARNING,WARNING,-1.0896,37.0105,KE-NBI-001,JKUAT Main Farm, Juja,Generated (offline fallback)
2025-10-14,Tuesday,October,10,2025,Short Rains,12,23.9,64.1,0.0,4.6,N,45,21.19,0.57,35.04,5.0,NORMAL,NORMAL,-1.0896,37.0105,KE-NBI-001,JKUAT Main Farm, Juja,Generated (offline fallback)
2025-10-15,Wednesday,October,10,2025,Short Rains,12,15.9,94.9,20.8,5.7,W,66,13.81,0.18,31.69,0.0,WARNING,WARNING,-1.0896,37.0105,KE-NBI-001,JKUAT Main Farm, Juja,Generated (offline fallback)
2025-10-16,Thursday,October,10,2025,Short Rains,12,24.5,75.9,0.0,14.4,W,38,22.03,0.48,37.86,5.0,NORMAL,NORMAL,-1.0896,37.0105,KE-NBI-001,JKUAT Main Farm, Juja,Generated (offline fallback)
2025-10-17,Friday,October,10,2025,Short Rains,12,24.3,81.2,21.1,9.7,NE,54,21.94,0.42,38.62,0.0,NORMAL,NORMAL,-1.0896,37.0105,KE-NBI-001,JKUAT Main Farm, Juja,Generated (offline fallback)
2025-10-18,Saturday,October,10,2025,Short Rains,12,24.0,85.7,0.0,3.0,N,34,21.73,0.36,39.12,5.0,WARNING,WARNING,-1.0896,37.0105,KE-NBI-001,JKUAT Main Farm, Juja,Generated (offline fallback)
2025-10-19,Sunday,October,10,2025,Short Rains,12,21.0,78.9,34.4,17.3,E,60,18.59,0.41,34.54,0.0,CRITICAL,CRITICAL,-1.0896,37.0105,KE-NBI-001,JKUAT Main Farm, Juja,Generated (offline fallback)
2025-10-20,Monday,October,10,2025,Short Rains,12,23.8,76.9,0.0,17.3,N,53,21.35,0.46,37.27,5.0,NORMAL,NORMAL,-1.0896,37.0105,KE-NBI-001,JKUAT Main Farm, Juja,Generated (offline fallback)
2025-10-21,Tuesday,October,10,2025,Short Rains,12,20.1,83.1,0.0,15.2,W,66,17.77,0.36,34.29,5.0,NORMAL,NORMAL,-1.0896,37.0105,KE-NBI-001,JKUAT Main Farm, Juja,Generated (offline fallback)
2025-10-22,Wednesday,October,10,2025,Short Rains,12,21.4,87.6,0.0,11.9,E,37,19.16,0.32,36.56,5.0,WARNING,WARNING,-1.0896,37.0105,KE-NBI-001,JKUAT Main Farm, Juja,Generated (offline fallback)
2025-10-23,Thursday,October,10,2025,Short Rains,12,27.1,74.4,0.0,18.0,N,58,24.6,0.52,40.45,5.0,NORMAL,NORMAL,-1.0896,37.0105,KE-NBI-001,JKUAT Main Farm, Juja,Generated (offline fallback)
2025-10-24,Friday,October,10,2025,Short Rains,12,22.2,77.2,0.0,8.0,N,54,19.76,0.44,35.56,5.0,NORMAL,NORMAL,-1.0896,37.0105,KE-NBI-001,JKUAT Main Farm, Juja,Generated (offline fallback)
2025-10-25,Saturday,October,10,2025,Short Rains,12,21.6,88.8,0.0,11.5,SE,58,19.39,0.3,37.01,5.0,WARNING,WARNING,-1.0896,37.0105,KE-NBI-001,JKUAT Main Farm, Juja,Generated (offline fallback)
2025-10-26,Sunday,October,10,2025,Short Rains,12,18.4,60.3,0.0,14.4,E,48,15.61,0.52,28.41,5.0,WARNING,WARNING,-1.0896,37.0105,KE-NBI-001,JKUAT Main Farm, Juja,Generated (offline fallback)
2025-10-27,Monday,October,10,2025,Short Rains,12,22.5,78.0,0.0,10.0,SE,53,20.07,0.43,36.03,5.0,NORMAL,NORMAL,-1.0896,37.0105,KE-NBI-001,JKUAT Main Farm, Juja,Generated (offline fallback)
2025-10-28,Tuesday,October,10,2025,Short Rains,12,25.2,86.3,11.0,6.7,NW,48,22.94,0.37,40.58,0.0,WARNING,WARNING,-1.0896,37.0105,KE-NBI-001,JKUAT Main Farm, Juja,Generated (offline fallback)
2025-10-29,Wednesday,October,10,2025,Short Rains,12,20.7,83.1,25.3,12.1,SE,30,18.37,0.36,34.96,0.0,CRITICAL,CRITICAL,-1.0896,37.0105,KE-NBI-001,JKUAT Main Farm, Juja,Generated (offline fallback)
2025-10-30,Thursday,October,10,2025,Short Rains,12,24.6,94.0,10.4,15.9,SE,42,22.49,0.24,41.36,0.0,WARNING,WARNING,-1.0896,37.0105,KE-NBI-001,JKUAT Main Farm, Juja,Generated (offline fallback)
2025-10-31,Friday,October,10,2025,Short Rains,12,22.2,83.0,0.0,3.8,W,47,19.87,0.38,36.61,5.0,NORMAL,NORMAL,-1.0896,37.0105,KE-NBI-001,JKUAT Main Farm, Juja,Generated (offline fallback)
2025-11-01,Saturday,November,11,2025,Short Rains,12,23.2,88.3,23.5,12.1,SE,58,20.98,0.32,38.71,0.0,WARNING,WARNING,-1.0896,37.0105,KE-NBI-001,JKUAT Main Farm, Juja,Generated (offline fallback)
2025-11-02,Sunday,November,11,2025,Short Rains,12,22.3,87.7,0.0,7.3,W,53,20.07,0.32,37.59,5.0,WARNING,WARNING,-1.0896,37.0105,KE-NBI-001,JKUAT Main Farm, Juja,Generated (offline fallback)
2025-11-03,Monday,November,11,2025,Short Rains,12,21.8,69.8,0.0,7.4,NE,38,19.21,0.5,33.78,5.0,NORMAL,NORMAL,-1.0896,37.0105,KE-NBI-001,JKUAT Main Farm, Juja,Generated (offline fallback)
2025-11-04,Tuesday,November,11,2025,Short Rains,12,18.2,68.5,25.3,11.8,N,47,15.58,0.46,29.61,0.0,CRITICAL,CRITICAL,-1.0896,37.0105,KE-NBI-001,JKUAT Main Farm, Juja,Generated (offline fallback)
2025-11-05,Wednesday,November,11,2025,Short Rains,12,20.9,70.6,0.0,10.0,N,38,18.32,0.48,32.94,5.0,NORMAL,NORMAL,-1.0896,37.0105,KE-NBI-001,JKUAT Main Farm, Juja,Generated (offline fallback)
2025-11-06,Thursday,November,11,2025,Short Rains,12,16.7,91.7,30.0,3.0,E,37,14.55,0.23,32.03,0.0,CRITICAL,CRITICAL,-1.0896,37.0105,KE-NBI-001,JKUAT Main Farm, Juja,Generated (offline fallback)
2025-11-07,Friday,November,11,2025,Short Rains,12,18.0,86.3,0.0,12.7,E,48,15.74,0.3,32.53,5.0,WARNING,WARNING,-1.0896,37.0105,KE-NBI-001,JKUAT Main Farm, Juja,Generated (offline fallback)
2025-11-08,Saturday,November,11,2025,Short Rains,12,26.3,81.0,14.8,12.5,SE,33,23.93,0.44,40.81,0.0,NORMAL,NORMAL,-1.0896,37.0105,KE-NBI-001,JKUAT Main Farm, Juja,Generated (offline fallback)
2025-11-09,Sunday,November,11,2025,Short Rains,12,22.2,81.6,25.4,15.4,E,57,19.84,0.39,36.36,0.0,CRITICAL,CRITICAL,-1.0896,37.0105,KE-NBI-001,JKUAT Main Farm, Juja,Generated (offline fallback)
2025-11-10,Monday,November,11,2025,Short Rains,12,22.4,68.3,36.9,3.4,W,42,19.78,0.52,34.17,0.0,CRITICAL,CRITICAL,-1.0896,37.0105,KE-NBI-001,JKUAT Main Farm, Juja,Generated (offline fallback)
2025-11-11,Tuesday,November,11,2025,Short Rains,12,17.6,83.9,36.0,11.5,N,41,15.29,0.33,31.65,0.0,CRITICAL,CRITICAL,-1.0896,37.0105,KE-NBI-001,JKUAT Main Farm, Juja,Generated (offline fallback)
2025-11-12,Wednesday,November,11,2025,Short Rains,12,26.0,73.0,0.0,5.0,SE,32,23.47,0.52,38.97,5.0,NORMAL,NORMAL,-1.0896,37.0105,KE-NBI-001,JKUAT Main Farm, Juja,Generated (offline fallback)
2025-11-13,Thursday,November,11,2025,Short Rains,12,23.8,87.1,0.0,15.0,S,29,21.55,0.34,39.16,5.0,WARNING,WARNING,-1.0896,37.0105,KE-NBI-001,JKUAT Main Farm, Juja,Generated (offline fallback)
2025-11-14,Friday,November,11,2025,Short Rains,12,20.4,79.2,0.0,11.8,NE,38,18.0,0.4,33.93,5.0,NORMAL,NORMAL,-1.0896,37.0105,KE-NBI-001,JKUAT Main Farm, Juja,Generated (offline fallback)
2025-11-15,Saturday,November,11,2025,Short Rains,12,21.2,74.4,0.0,14.8,E,38,18.7,0.45,33.95,5.0,NORMAL,NORMAL,-1.0896,37.0105,KE-NBI-001,JKUAT Main Farm, Juja,Generated (offline fallback)
2025-11-16,Sunday,November,11,2025,Short Rains,12,19.7,85.2,36.3,14.6,NE,51,17.42,0.33,34.23,0.0,CRITICAL,CRITICAL,-1.0896,37.0105,KE-NBI-001,JKUAT Main Farm, Juja,Generated (offline fallback)
2025-11-17,Monday,November,11,2025,Short Rains,12,18.8,90.0,20.6,6.9,SE,59,16.61,0.27,34.08,0.0,WARNING,WARNING,-1.0896,37.0105,KE-NBI-001,JKUAT Main Farm, Juja,Generated (offline fallback)
2025-11-18,Tuesday,November,11,2025,Short Rains,12,23.1,76.0,0.0,3.7,NW,56,20.63,0.46,36.33,5.0,NORMAL,NORMAL,-1.0896,37.0105,KE-NBI-001,JKUAT Main Farm, Juja,Generated (offline fallback)
2025-11-19,Wednesday,November,11,2025,Short Rains,12,20.3,66.9,0.0,17.2,SE,42,17.65,0.5,31.62,5.0,NORMAL,NORMAL,-1.0896,37.0105,KE-NBI-001,JKUAT Main Farm, Juja,Generated (offline fallback)
2025-11-20,Thursday,November,11,2025,Short Rains,12,24.2,76.7,0.0,15.9,SE,64,21.75,0.47,37.68,5.0,NORMAL,NORMAL,-1.0896,37.0105,KE-NBI-001,JKUAT Main Farm, Juja,Generated (offline fallback)
2025-11-21,Friday,November,11,2025,Short Rains,12,19.6,60.5,0.0,4.4,N,44,16.82,0.54,29.74,5.0,WARNING,WARNING,-1.0896,37.0105,KE-NBI-001,JKUAT Main Farm, Juja,Generated (offline fallback)
2025-11-22,Saturday,November,11,2025,Short Rains,12,25.2,91.1,34.8,12.6,N,41,23.04,0.3,41.49,0.0,CRITICAL,CRITICAL,-1.0896,37.0105,KE-NBI-001,JKUAT Main Farm, Juja,Generated (offline fallback)
2025-11-23,Sunday,November,11,2025,Short Rains,12,25.1,84.2,0.0,9.6,SE,53,22.8,0.39,40.07,5.0,NORMAL,NORMAL,-1.0896,37.0105,KE-NBI-001,JKUAT Main Farm, Juja,Generated (offline fallback)
2025-11-24,Monday,November,11,2025,Short Rains,12,19.0,80.2,14.6,12.3,NW,29,16.62,0.38,32.55,0.0,WARNING,WARNING,-1.0896,37.0105,KE-NBI-001,JKUAT Main Farm, Juja,Generated (offline fallback)
2025-11-25,Tuesday,November,11,2025,Short Rains,12,20.6,62.5,0.0,14.9,NE,63,17.86,0.54,31.17,5.0,NORMAL,NORMAL,-1.0896,37.0105,KE-NBI-001,JKUAT Main Farm, Juja,Generated (offline fallback)
2025-11-26,Wednesday,November,11,2025,Short Rains,12,21.2,87.5,36.9,11.7,SE,36,18.96,0.32,36.32,0.0,CRITICAL,CRITICAL,-1.0896,37.0105,KE-NBI-001,JKUAT Main Farm, Juja,Generated (offline fallback)
2025-11-27,Thursday,November,11,2025,Short Rains,12,24.4,84.3,33.2,5.9,NW,39,22.1,0.38,39.31,0.0,CRITICAL,CRITICAL,-1.0896,37.0105,KE-NBI-001,JKUAT Main Farm, Juja,Generated (offline fallback)
2025-11-28,Friday,November,11,2025,Short Rains,12,22.8,92.3,34.1,18.8,N,54,20.66,0.26,39.01,0.0,CRITICAL,CRITICAL,-1.0896,37.0105,KE-NBI-001,JKUAT Main Farm, Juja,Generated (offline fallback)
2025-11-29,Saturday,November,11,2025,Short Rains,12,23.8,77.6,0.0,8.1,E,64,21.36,0.45,37.4,5.0,NORMAL,NORMAL,-1.0896,37.0105,KE-NBI-001,JKUAT Main Farm, Juja,Generated (offline fallback)
2025-11-30,Sunday,November,11,2025,Short Rains,12,20.3,70.8,0.0,6.5,NW,52,17.73,0.47,32.31,5.0,NORMAL,NORMAL,-1.0896,37.0105,KE-NBI-001,JKUAT Main Farm, Juja,Generated (offline fallback)
2025-12-01,Monday,December,12,2025,Dry (Dec-Feb),12,20.3,63.8,0.0,14.6,W,67,17.59,0.53,31.08,5.0,NORMAL,NORMAL,-1.0896,37.0105,KE-NBI-001,JKUAT Main Farm, Juja,Generated (offline fallback)
2025-12-02,Tuesday,December,12,2025,Dry (Dec-Feb),12,28.8,69.9,0.0,22.4,W,53,26.21,0.59,41.47,5.0,NORMAL,NORMAL,-1.0896,37.0105,KE-NBI-001,JKUAT Main Farm, Juja,Generated (offline fallback)
2025-12-03,Wednesday,December,12,2025,Dry (Dec-Feb),12,28.4,51.3,0.0,15.2,NE,53,25.43,0.74,37.55,5.0,NORMAL,NORMAL,-1.0896,37.0105,KE-NBI-001,JKUAT Main Farm, Juja,Generated (offline fallback)
2025-12-04,Thursday,December,12,2025,Dry (Dec-Feb),12,20.6,70.9,0.0,5.6,SW,52,18.03,0.48,32.66,5.0,NORMAL,NORMAL,-1.0896,37.0105,KE-NBI-001,JKUAT Main Farm, Juja,Generated (offline fallback)
2025-12-05,Friday,December,12,2025,Dry (Dec-Feb),12,26.9,48.4,0.0,10.5,E,39,23.88,0.74,35.42,5.0,NORMAL,NORMAL,-1.0896,37.0105,KE-NBI-001,JKUAT Main Farm, Juja,Generated (offline fallback)
2025-12-06,Saturday,December,12,2025,Dry (Dec-Feb),12,28.9,56.9,8.1,14.5,E,74,26.05,0.71,39.13,0.0,NORMAL,NORMAL,-1.0896,37.0105,KE-NBI-001,JKUAT Main Farm, Juja,Generated (offline fallback)
2025-12-07,Sunday,December,12,2025,Dry (Dec-Feb),12,26.7,57.4,0.0,6.3,N,44,23.86,0.67,36.85,5.0,NORMAL,NORMAL,-1.0896,37.0105,KE-NBI-001,JKUAT Main Farm, Juja,Generated (offline fallback)
2025-12-08,Monday,December,12,2025,Dry (Dec-Feb),12,30.6,52.8,0.0,16.4,NW,68,27.66,0.76,40.19,5.0,NORMAL,NORMAL,-1.0896,37.0105,KE-NBI-001,JKUAT Main Farm, Juja,Generated (offline fallback)
2025-12-09,Tuesday,December,12,2025,Dry (Dec-Feb),12,25.4,70.4,0.0,16.8,S,43,22.82,0.54,37.83,5.0,NORMAL,NORMAL,-1.0896,37.0105,KE-NBI-001,JKUAT Main Farm, Juja,Generated (offline fallback)
2025-12-10,Wednesday,December,12,2025,Dry (Dec-Feb),12,19.2,66.2,0.0,19.8,SW,40,16.53,0.49,30.3,5.0,WARNING,WARNING,-1.0896,37.0105,KE-NBI-001,JKUAT Main Farm, Juja,Generated (offline fallback)
2025-12-11,Thursday,December,12,2025,Dry (Dec-Feb),12,22.3,71.5,0.0,9.7,N,56,19.74,0.49,34.63,5.0,NORMAL,NORMAL,-1.0896,37.0105,KE-NBI-001,JKUAT Main Farm, Juja,Generated (offline fallback)
2025-12-12,Friday,December,12,2025,Dry (Dec-Feb),12,23.1,67.5,0.0,22.7,N,42,20.46,0.54,34.79,5.0,NORMAL,NORMAL,-1.0896,37.0105,KE-NBI-001,JKUAT Main Farm, Juja,Generated (offline fallback)
2025-12-13,Saturday,December,12,2025,Dry (Dec-Feb),12,23.0,70.0,0.0,9.6,W,85,20.41,0.51,35.13,5.0,NORMAL,NORMAL,-1.0896,37.0105,KE-NBI-001,JKUAT Main Farm, Juja,Generated (offline fallback)
2025-12-14,Sunday,December,12,2025,Dry (Dec-Feb),12,25.7,52.0,1.4,25.4,N,87,22.75,0.69,34.79,3.6,NORMAL,NORMAL,-1.0896,37.0105,KE-NBI-001,JKUAT Main Farm, Juja,Generated (offline fallback)
2025-12-15,Monday,December,12,2025,Dry (Dec-Feb),12,18.7,65.3,12.6,6.3,N,82,16.02,0.49,29.6,0.0,WARNING,WARNING,-1.0896,37.0105,KE-NBI-001,JKUAT Main Farm, Juja,Generated (offline fallback)
2025-12-16,Tuesday,December,12,2025,Dry (Dec-Feb),12,26.6,51.7,2.2,26.1,N,69,23.64,0.71,35.7,2.8,NORMAL,NORMAL,-1.0896,37.0105,KE-NBI-001,JKUAT Main Farm, Juja,Generated (offline fallback)
2025-12-17,Wednesday,December,12,2025,Dry (Dec-Feb),12,28.4,54.5,0.0,16.6,E,60,25.5,0.72,38.15,5.0,NORMAL,NORMAL,-1.0896,37.0105,KE-NBI-001,JKUAT Main Farm, Juja,Generated (offline fallback)
2025-12-18,Thursday,December,12,2025,Dry (Dec-Feb),12,27.1,64.6,0.0,15.2,W,41,24.4,0.61,38.61,5.0,NORMAL,NORMAL,-1.0896,37.0105,KE-NBI-001,JKUAT Main Farm, Juja,Generated (offline fallback)
2025-12-19,Friday,December,12,2025,Dry (Dec-Feb),12,19.9,59.1,0.0,6.4,W,56,17.09,0.55,29.82,5.0,WARNING,WARNING,-1.0896,37.0105,KE-NBI-001,JKUAT Main Farm, Juja,Generated (offline fallback)
2025-12-20,Saturday,December,12,2025,Dry (Dec-Feb),12,17.9,67.0,0.0,22.5,NW,60,15.25,0.47,29.03,5.0,WARNING,WARNING,-1.0896,37.0105,KE-NBI-001,JKUAT Main Farm, Juja,Generated (offline fallback)
2025-12-21,Sunday,December,12,2025,Dry (Dec-Feb),12,23.8,61.1,0.0,22.0,NW,49,21.03,0.6,34.39,5.0,NORMAL,NORMAL,-1.0896,37.0105,KE-NBI-001,JKUAT Main Farm, Juja,Generated (offline fallback)
2025-12-22,Monday,December,12,2025,Dry (Dec-Feb),12,26.8,61.7,0.0,15.2,E,83,24.04,0.63,37.75,5.0,NORMAL,NORMAL,-1.0896,37.0105,KE-NBI-001,JKUAT Main Farm, Juja,Generated (offline fallback)
2025-12-23,Tuesday,December,12,2025,Dry (Dec-Feb),12,25.1,83.1,12.0,7.3,S,81,22.77,0.41,39.87,0.0,NORMAL,NORMAL,-1.0896,37.0105,KE-NBI-001,JKUAT Main Farm, Juja,Generated (offline fallback)
2025-12-24,Wednesday,December,12,2025,Dry (Dec-Feb),12,20.7,48.1,0.0,15.7,SE,60,17.67,0.64,28.77,5.0,NORMAL,NORMAL,-1.0896,37.0105,KE-NBI-001,JKUAT Main Farm, Juja,Generated (offline fallback)
2025-12-25,Thursday,December,12,2025,Dry (Dec-Feb),12,24.6,54.7,0.0,27.9,E,86,21.7,0.66,34.1,5.0,NORMAL,NORMAL,-1.0896,37.0105,KE-NBI-001,JKUAT Main Farm, Juja,Generated (offline fallback)
2025-12-26,Friday,December,12,2025,Dry (Dec-Feb),12,29.1,68.2,0.0,7.5,S,40,26.47,0.61,41.47,5.0,NORMAL,NORMAL,-1.0896,37.0105,KE-NBI-001,JKUAT Main Farm, Juja,Generated (offline fallback)
2025-12-27,Saturday,December,12,2025,Dry (Dec-Feb),12,27.5,55.9,0.0,26.4,S,102,24.63,0.69,37.44,5.0,WARNING,WARNING,-1.0896,37.0105,KE-NBI-001,JKUAT Main Farm, Juja,Generated (offline fallback)
2025-12-28,Sunday,December,12,2025,Dry (Dec-Feb),12,29.7,69.3,0.0,22.9,SE,75,27.1,0.61,42.34,5.0,NORMAL,NORMAL,-1.0896,37.0105,KE-NBI-001,JKUAT Main Farm, Juja,Generated (offline fallback)
2025-12-29,Monday,December,12,2025,Dry (Dec-Feb),12,22.2,65.5,0.0,20.5,S,41,19.52,0.54,33.44,5.0,NORMAL,NORMAL,-1.0896,37.0105,KE-NBI-001,JKUAT Main Farm, Juja,Generated (offline fallback)
2025-12-30,Tuesday,December,12,2025,Dry (Dec-Feb),12,21.0,61.0,0.0,21.7,S,50,18.23,0.56,31.34,5.0,NORMAL,NORMAL,-1.0896,37.0105,KE-NBI-001,JKUAT Main Farm, Juja,Generated (offline fallback)
2025-12-31,Wednesday,December,12,2025,Dry (Dec-Feb),12,28.0,50.6,0.0,5.2,NW,57,25.02,0.74,37.0,5.0,NORMAL,NORMAL,-1.0896,37.0105,KE-NBI-001,JKUAT Main Farm, Juja,Generated (offline fallback)
2026-01-01,Thursday,January,1,2026,Dry (Dec-Feb),12,23.9,55.5,0.0,21.6,N,80,21.02,0.64,33.49,5.0,NORMAL,NORMAL,-1.0896,37.0105,KE-NBI-001,JKUAT Main Farm, Juja,Generated (offline fallback)
2026-01-02,Friday,January,1,2026,Dry (Dec-Feb),12,22.9,45.8,0.0,9.5,SW,52,19.82,0.69,30.7,5.0,NORMAL,NORMAL,-1.0896,37.0105,KE-NBI-001,JKUAT Main Farm, Juja,Generated (offline fallback)
2026-01-03,Saturday,January,1,2026,Dry (Dec-Feb),12,32.8,49.7,5.0,8.2,N,40,29.8,0.83,41.96,0.0,NORMAL,NORMAL,-1.0896,37.0105,KE-NBI-001,JKUAT Main Farm, Juja,Generated (offline fallback)
2026-01-04,Sunday,January,1,2026,Dry (Dec-Feb),12,25.6,59.2,0.0,14.8,W,84,22.79,0.64,35.99,5.0,NORMAL,NORMAL,-1.0896,37.0105,KE-NBI-001,JKUAT Main Farm, Juja,Generated (offline fallback)
2026-01-05,Monday,January,1,2026,Dry (Dec-Feb),12,27.0,56.0,0.0,13.8,NE,85,24.13,0.68,36.92,5.0,NORMAL,NORMAL,-1.0896,37.0105,KE-NBI-001,JKUAT Main Farm, Juja,Generated (offline fallback)
2026-01-06,Tuesday,January,1,2026,Dry (Dec-Feb),12,21.0,49.1,0.0,18.9,E,56,17.99,0.64,29.26,5.0,NORMAL,NORMAL,-1.0896,37.0105,KE-NBI-001,JKUAT Main Farm, Juja,Generated (offline fallback)
2026-01-07,Wednesday,January,1,2026,Dry (Dec-Feb),12,23.6,63.9,0.0,8.7,NW,56,20.89,0.57,34.68,5.0,NORMAL,NORMAL,-1.0896,37.0105,KE-NBI-001,JKUAT Main Farm, Juja,Generated (offline fallback)
2026-01-08,Thursday,January,1,2026,Dry (Dec-Feb),12,23.9,68.3,0.0,17.8,NE,73,21.28,0.54,35.8,5.0,NORMAL,NORMAL,-1.0896,37.0105,KE-NBI-001,JKUAT Main Farm, Juja,Generated (offline fallback)
2026-01-09,Friday,January,1,2026,Dry (Dec-Feb),12,25.9,54.9,0.0,10.3,E,89,23.01,0.67,35.53,5.0,NORMAL,NORMAL,-1.0896,37.0105,KE-NBI-001,JKUAT Main Farm, Juja,Generated (offline fallback)
2026-01-10,Saturday,January,1,2026,Dry (Dec-Feb),12,28.5,68.2,0.0,6.8,W,57,25.87,0.6,40.82,5.0,NORMAL,NORMAL,-1.0896,37.0105,KE-NBI-001,JKUAT Main Farm, Juja,Generated (offline fallback)
2026-01-11,Sunday,January,1,2026,Dry (Dec-Feb),12,22.8,67.0,0.0,5.5,SE,78,20.15,0.54,34.37,5.0,NORMAL,NORMAL,-1.0896,37.0105,KE-NBI-001,JKUAT Main Farm, Juja,Generated (offline fallback)
2026-01-12,Monday,January,1,2026,Dry (Dec-Feb),12,27.6,45.9,2.8,13.4,SW,44,24.52,0.77,35.71,2.2,NORMAL,NORMAL,-1.0896,37.0105,KE-NBI-001,JKUAT Main Farm, Juja,Generated (offline fallback)
2026-01-13,Tuesday,January,1,2026,Dry (Dec-Feb),12,29.1,49.0,0.0,17.9,SW,45,26.09,0.77,37.88,5.0,NORMAL,NORMAL,-1.0896,37.0105,KE-NBI-001,JKUAT Main Farm, Juja,Generated (offline fallback)
2026-01-14,Wednesday,January,1,2026,Dry (Dec-Feb),12,18.7,51.5,0.0,22.7,SE,70,15.74,0.58,27.22,5.0,WARNING,WARNING,-1.0896,37.0105,KE-NBI-001,JKUAT Main Farm, Juja,Generated (offline fallback)
2026-01-15,Thursday,January,1,2026,Dry (Dec-Feb),12,24.8,48.5,0.0,21.6,SW,76,21.78,0.7,33.2,5.0,NORMAL,NORMAL,-1.0896,37.0105,KE-NBI-001,JKUAT Main Farm, Juja,Generated (offline fallback)
2026-01-16,Friday,January,1,2026,Dry (Dec-Feb),12,26.1,68.7,0.6,7.3,NW,89,23.48,0.56,38.28,4.4,NORMAL,NORMAL,-1.0896,37.0105,KE-NBI-001,JKUAT Main Farm, Juja,Generated (offline fallback)
2026-01-17,Saturday,January,1,2026,Dry (Dec-Feb),12,19.7,53.1,0.0,11.3,N,63,16.77,0.59,28.57,5.0,WARNING,WARNING,-1.0896,37.0105,KE-NBI-001,JKUAT Main Farm, Juja,Generated (offline fallback)
2026-01-18,Sunday,January,1,2026,Dry (Dec-Feb),12,23.2,62.7,0.0,9.3,N,63,20.46,0.58,34.03,5.0,NORMAL,NORMAL,-1.0896,37.0105,KE-NBI-001,JKUAT Main Farm, Juja,Generated (offline fallback)
2026-01-19,Monday,January,1,2026,Dry (Dec-Feb),12,29.1,60.3,0.0,21.9,E,46,26.31,0.68,39.98,5.0,NORMAL,NORMAL,-1.0896,37.0105,KE-NBI-001,JKUAT Main Farm, Juja,Generated (offline fallback)
2026-01-20,Tuesday,January,1,2026,Dry (Dec-Feb),12,18.9,58.7,0.0,15.7,NE,53,16.08,0.54,28.67,5.0,WARNING,WARNING,-1.0896,37.0105,KE-NBI-001,JKUAT Main Farm, Juja,Generated (offline fallback)
2026-01-21,Wednesday,January,1,2026,Dry (Dec-Feb),12,29.2,47.5,3.5,19.5,NE,82,26.16,0.78,37.71,1.5,NORMAL,NORMAL,-1.0896,37.0105,KE-NBI-001,JKUAT Main Farm, Juja,Generated (offline fallback)
2026-01-22,Thursday,January,1,2026,Dry (Dec-Feb),12,27.1,61.6,0.0,15.0,NE,52,24.34,0.64,38.06,5.0,NORMAL,NORMAL,-1.0896,37.0105,KE-NBI-001,JKUAT Main Farm, Juja,Generated (offline fallback)
2026-01-23,Friday,January,1,2026,Dry (Dec-Feb),12,20.7,49.1,0.0,22.8,W,77,17.69,0.63,28.94,5.0,NORMAL,NORMAL,-1.0896,37.0105,KE-NBI-001,JKUAT Main Farm, Juja,Generated (offline fallback)
2026-01-24,Saturday,January,1,2026,Dry (Dec-Feb),12,26.1,67.9,0.0,19.0,NE,89,23.47,0.57,38.14,5.0,NORMAL,NORMAL,-1.0896,37.0105,KE-NBI-001,JKUAT Main Farm, Juja,Generated (offline fallback)
2026-01-25,Sunday,January,1,2026,Dry (Dec-Feb),12,25.7,50.8,0.0,13.3,SE,61,22.72,0.7,34.57,5.0,NORMAL,NORMAL,-1.0896,37.0105,KE-NBI-001,JKUAT Main Farm, Juja,Generated (offline fallback)
2026-01-26,Monday,January,1,2026,Dry (Dec-Feb),12,18.4,57.7,0.0,24.7,SW,87,15.56,0.54,27.96,5.0,WARNING,WARNING,-1.0896,37.0105,KE-NBI-001,JKUAT Main Farm, Juja,Generated (offline fallback)
2026-01-27,Tuesday,January,1,2026,Dry (Dec-Feb),12,23.4,68.8,0.0,16.0,W,58,20.79,0.53,35.35,5.0,NORMAL,NORMAL,-1.0896,37.0105,KE-NBI-001,JKUAT Main Farm, Juja,Generated (offline fallback)
2026-01-28,Wednesday,January,1,2026,Dry (Dec-Feb),12,26.9,48.1,0.0,10.4,N,42,23.87,0.74,35.37,5.0,NORMAL,NORMAL,-1.0896,37.0105,KE-NBI-001,JKUAT Main Farm, Juja,Generated (offline fallback)
2026-01-29,Thursday,January,1,2026,Dry (Dec-Feb),12,26.3,61.0,0.0,21.1,E,88,23.53,0.63,37.08,5.0,NORMAL,NORMAL,-1.0896,37.0105,KE-NBI-001,JKUAT Main Farm, Juja,Generated (offline fallback)
2026-01-30,Friday,January,1,2026,Dry (Dec-Feb),12,21.9,53.5,0.0,20.2,E,42,18.98,0.62,30.99,5.0,NORMAL,NORMAL,-1.0896,37.0105,KE-NBI-001,JKUAT Main Farm, Juja,Generated (offline fallback)
2026-01-31,Saturday,January,1,2026,Dry (Dec-Feb),12,26.9,62.1,0.0,19.5,NW,40,24.15,0.63,37.93,5.0,NORMAL,NORMAL,-1.0896,37.0105,KE-NBI-001,JKUAT Main Farm, Juja,Generated (offline fallback)
2026-02-01,Sunday,February,2,2026,Dry (Dec-Feb),12,30.6,71.4,0.0,20.0,E,86,28.04,0.6,43.73,5.0,NORMAL,NORMAL,-1.0896,37.0105,KE-NBI-001,JKUAT Main Farm, Juja,Generated (offline fallback)
2026-02-02,Monday,February,2,2026,Dry (Dec-Feb),12,20.9,47.2,0.0,17.0,SW,73,17.85,0.65,28.82,5.0,NORMAL,NORMAL,-1.0896,37.0105,KE-NBI-001,JKUAT Main Farm, Juja,Generated (offline fallback)
2026-02-03,Tuesday,February,2,2026,Dry (Dec-Feb),12,25.6,49.3,4.1,13.5,SW,85,22.59,0.71,34.2,0.9,NORMAL,NORMAL,-1.0896,37.0105,KE-NBI-001,JKUAT Main Farm, Juja,Generated (offline fallback)
2026-02-04,Wednesday,February,2,2026,Dry (Dec-Feb),12,27.8,51.1,7.7,23.9,SW,68,24.83,0.73,36.87,0.0,NORMAL,NORMAL,-1.0896,37.0105,KE-NBI-001,JKUAT Main Farm, Juja,Generated (offline fallback)
2026-02-05,Thursday,February,2,2026,Dry (Dec-Feb),12,26.4,49.9,0.0,24.0,E,50,23.41,0.72,35.16,5.0,NORMAL,NORMAL,-1.0896,37.0105,KE-NBI-001,JKUAT Main Farm, Juja,Generated (offline fallback)
2026-02-06,Friday,February,2,2026,Dry (Dec-Feb),12,23.8,51.5,0.0,6.0,NW,47,20.84,0.67,32.67,5.0,NORMAL,NORMAL,-1.0896,37.0105,KE-NBI-001,JKUAT Main Farm, Juja,Generated (offline fallback)
2026-02-07,Saturday,February,2,2026,Dry (Dec-Feb),12,26.7,60.5,0.0,15.8,N,91,23.92,0.64,37.42,5.0,NORMAL,NORMAL,-1.0896,37.0105,KE-NBI-001,JKUAT Main Farm, Juja,Generated (offline fallback)
2026-02-08,Sunday,February,2,2026,Dry (Dec-Feb),12,23.5,48.9,1.3,12.8,S,65,20.49,0.68,31.89,3.7,NORMAL,NORMAL,-1.0896,37.0105,KE-NBI-001,JKUAT Main Farm, Juja,Generated (offline fallback)
2026-02-09,Monday,February,2,2026,Dry (Dec-Feb),12,27.3,57.5,0.0,6.4,SW,67,24.46,0.68,37.52,5.0,NORMAL,NORMAL,-1.0896,37.0105,KE-NBI-001,JKUAT Main Farm, Juja,Generated (offline fallback)
2026-02-10,Tuesday,February,2,2026,Dry (Dec-Feb),12,28.5,56.3,0.0,13.9,W,53,25.63,0.7,38.59,5.0,NORMAL,NORMAL,-1.0896,37.0105,KE-NBI-001,JKUAT Main Farm, Juja,Generated (offline fallback)
2026-02-11,Wednesday,February,2,2026,Dry (Dec-Feb),12,19.2,46.3,0.0,25.2,E,88,16.13,0.62,26.87,5.0,WARNING,WARNING,-1.0896,37.0105,KE-NBI-001,JKUAT Main Farm, Juja,Generated (offline fallback)
2026-02-12,Thursday,February,2,2026,Dry (Dec-Feb),12,23.5,62.2,0.0,28.0,SE,70,20.75,0.58,34.26,5.0,NORMAL,NORMAL,-1.0896,37.0105,KE-NBI-001,JKUAT Main Farm, Juja,Generated (offline fallback)
2026-02-13,Friday,February,2,2026,Dry (Dec-Feb),12,22.3,51.2,0.0,21.0,E,87,19.33,0.64,31.01,5.0,NORMAL,NORMAL,-1.0896,37.0105,KE-NBI-001,JKUAT Main Farm, Juja,Generated (offline fallback)
2026-02-14,Saturday,February,2,2026,Dry (Dec-Feb),12,30.0,66.6,0.0,23.6,S,83,27.34,0.64,42.15,5.0,NORMAL,NORMAL,-1.0896,37.0105,KE-NBI-001,JKUAT Main Farm, Juja,Generated (offline fallback)
2026-02-15,Sunday,February,2,2026,Dry (Dec-Feb),12,25.6,48.9,0.0,13.9,SE,94,22.59,0.71,34.13,5.0,NORMAL,NORMAL,-1.0896,37.0105,KE-NBI-001,JKUAT Main Farm, Juja,Generated (offline fallback)
2026-02-16,Monday,February,2,2026,Dry (Dec-Feb),12,24.8,65.2,0.0,20.7,N,68,22.11,0.58,36.22,5.0,NORMAL,NORMAL,-1.0896,37.0105,KE-NBI-001,JKUAT Main Farm, Juja,Generated (offline fallback)
2026-02-17,Tuesday,February,2,2026,Dry (Dec-Feb),12,20.6,60.3,0.0,10.3,S,41,17.81,0.56,30.79,5.0,NORMAL,NORMAL,-1.0896,37.0105,KE-NBI-001,JKUAT Main Farm, Juja,Generated (offline fallback)
2026-02-18,Wednesday,February,2,2026,Dry (Dec-Feb),12,20.2,49.8,0.0,11.1,NW,42,17.2,0.62,28.53,5.0,NORMAL,NORMAL,-1.0896,37.0105,KE-NBI-001,JKUAT Main Farm, Juja,Generated (offline fallback)
2026-02-19,Thursday,February,2,2026,Dry (Dec-Feb),12,24.8,66.8,0.0,11.8,W,47,22.15,0.56,36.51,5.0,NORMAL,NORMAL,-1.0896,37.0105,KE-NBI-001,JKUAT Main Farm, Juja,Generated (offline fallback)
2026-02-20,Friday,February,2,2026,Dry (Dec-Feb),12,22.3,62.1,0.0,17.7,SE,75,19.55,0.57,32.94,5.0,NORMAL,NORMAL,-1.0896,37.0105,KE-NBI-001,JKUAT Main Farm, Juja,Generated (offline fallback)
2026-02-21,Saturday,February,2,2026,Dry (Dec-Feb),12,21.6,51.5,0.0,13.1,E,83,18.64,0.63,30.32,5.0,NORMAL,NORMAL,-1.0896,37.0105,KE-NBI-001,JKUAT Main Farm, Juja,Generated (offline fallback)
2026-02-22,Sunday,February,2,2026,Dry (Dec-Feb),12,21.8,68.4,0.0,22.2,NW,51,19.18,0.51,33.53,5.0,NORMAL,NORMAL,-1.0896,37.0105,KE-NBI-001,JKUAT Main Farm, Juja,Generated (offline fallback)
2026-02-23,Monday,February,2,2026,Dry (Dec-Feb),12,31.8,48.3,0.0,8.4,W,64,28.77,0.82,40.63,5.0,NORMAL,NORMAL,-1.0896,37.0105,KE-NBI-001,JKUAT Main Farm, Juja,Generated (offline fallback)
2026-02-24,Tuesday,February,2,2026,Dry (Dec-Feb),12,25.3,71.0,0.0,19.7,SE,41,22.73,0.53,37.83,5.0,NORMAL,NORMAL,-1.0896,37.0105,KE-NBI-001,JKUAT Main Farm, Juja,Generated (offline fallback)
2026-02-25,Wednesday,February,2,2026,Dry (Dec-Feb),12,24.1,45.3,0.0,8.5,NE,42,21.01,0.71,31.89,5.0,NORMAL,NORMAL,-1.0896,37.0105,KE-NBI-001,JKUAT Main Farm, Juja,Generated (offline fallback)
2026-02-26,Thursday,February,2,2026,Dry (Dec-Feb),12,28.7,59.3,6.1,23.7,S,94,25.89,0.68,39.36,0.0,NORMAL,NORMAL,-1.0896,37.0105,KE-NBI-001,JKUAT Main Farm, Juja,Generated (offline fallback)
2026-02-27,Friday,February,2,2026,Dry (Dec-Feb),12,27.9,49.5,0.0,9.9,NW,81,24.9,0.75,36.69,5.0,NORMAL,NORMAL,-1.0896,37.0105,KE-NBI-001,JKUAT Main Farm, Juja,Generated (offline fallback)
2026-02-28,Saturday,February,2,2026,Dry (Dec-Feb),12,29.4,57.7,0.0,11.1,SE,74,26.56,0.71,39.82,5.0,NORMAL,NORMAL,-1.0896,37.0105,KE-NBI-001,JKUAT Main Farm, Juja,Generated (offline fallback)
2026-03-01,Sunday,March,3,2026,Long Rains,12,22.0,88.8,24.5,11.5,N,51,19.79,0.31,37.46,0.0,WARNING,WARNING,-1.0896,37.0105,KE-NBI-001,JKUAT Main Farm, Juja,Generated (offline fallback)
2026-03-02,Monday,March,3,2026,Long Rains,12,23.8,67.8,0.0,11.7,NE,49,21.17,0.54,35.6,5.0,NORMAL,NORMAL,-1.0896,37.0105,KE-NBI-001,JKUAT Main Farm, Juja,Generated (offline fallback)
2026-03-03,Tuesday,March,3,2026,Long Rains,12,20.6,79.8,16.5,12.7,SE,35,18.21,0.4,34.26,0.0,NORMAL,NORMAL,-1.0896,37.0105,KE-NBI-001,JKUAT Main Farm, Juja,Generated (offline fallback)
2026-03-04,Wednesday,March,3,2026,Long Rains,12,25.1,97.0,30.0,17.5,NW,41,23.05,0.17,42.5,0.0,CRITICAL,CRITICAL,-1.0896,37.0105,KE-NBI-001,JKUAT Main Farm, Juja,Generated (offline fallback)
2026-03-05,Thursday,March,3,2026,Long Rains,12,25.1,75.6,0.0,7.7,SE,41,22.62,0.49,38.47,5.0,NORMAL,NORMAL,-1.0896,37.0105,KE-NBI-001,JKUAT Main Farm, Juja,Generated (offline fallback)
2026-03-06,Friday,March,3,2026,Long Rains,12,26.4,77.1,23.1,3.1,NW,38,23.95,0.49,40.18,0.0,NORMAL,NORMAL,-1.0896,37.0105,KE-NBI-001,JKUAT Main Farm, Juja,Generated (offline fallback)
2026-03-07,Saturday,March,3,2026,Long Rains,12,27.6,74.2,34.0,16.5,SE,62,25.09,0.53,40.96,0.0,CRITICAL,CRITICAL,-1.0896,37.0105,KE-NBI-001,JKUAT Main Farm, Juja,Generated (offline fallback)
2026-03-08,Sunday,March,3,2026,Long Rains,12,19.4,91.5,34.8,4.9,E,56,17.24,0.25,35.03,0.0,CRITICAL,CRITICAL,-1.0896,37.0105,KE-NBI-001,JKUAT Main Farm, Juja,Generated (offline fallback)
2026-03-09,Monday,March,3,2026,Long Rains,12,23.4,90.5,20.7,12.5,W,50,21.22,0.29,39.35,0.0,WARNING,WARNING,-1.0896,37.0105,KE-NBI-001,JKUAT Main Farm, Juja,Generated (offline fallback)
2026-03-10,Tuesday,March,3,2026,Long Rains,12,21.3,72.4,0.0,15.9,SW,37,18.76,0.47,33.7,5.0,NORMAL,NORMAL,-1.0896,37.0105,KE-NBI-001,JKUAT Main Farm, Juja,Generated (offline fallback)
2026-03-11,Wednesday,March,3,2026,Long Rains,12,17.3,98.0,35.3,9.2,E,60,15.27,0.11,33.83,0.0,CRITICAL,CRITICAL,-1.0896,37.0105,KE-NBI-001,JKUAT Main Farm, Juja,Generated (offline fallback)
2026-03-12,Thursday,March,3,2026,Long Rains,12,23.4,73.6,31.1,15.5,NE,61,20.88,0.49,36.22,0.0,CRITICAL,CRITICAL,-1.0896,37.0105,KE-NBI-001,JKUAT Main Farm, Juja,Generated (offline fallback)
2026-03-13,Friday,March,3,2026,Long Rains,12,24.8,75.4,34.9,9.8,SW,53,22.32,0.49,38.1,0.0,CRITICAL,CRITICAL,-1.0896,37.0105,KE-NBI-001,JKUAT Main Farm, Juja,Generated (offline fallback)
2026-03-14,Saturday,March,3,2026,Long Rains,12,27.8,75.4,6.0,16.1,SW,37,25.32,0.52,41.41,0.0,NORMAL,NORMAL,-1.0896,37.0105,KE-NBI-001,JKUAT Main Farm, Juja,Generated (offline fallback)
2026-03-15,Sunday,March,3,2026,Long Rains,12,29.7,87.9,15.5,10.8,W,47,27.47,0.38,45.94,0.0,WARNING,WARNING,-1.0896,37.0105,KE-NBI-001,JKUAT Main Farm, Juja,Generated (offline fallback)
2026-03-16,Monday,March,3,2026,Long Rains,12,28.4,65.4,0.0,10.7,S,45,25.72,0.63,40.18,5.0,NORMAL,NORMAL,-1.0896,37.0105,KE-NBI-001,JKUAT Main Farm, Juja,Generated (offline fallback)
2026-03-17,Tuesday,March,3,2026,Long Rains,12,24.7,89.9,29.5,7.9,S,49,22.51,0.31,40.7,0.0,CRITICAL,CRITICAL,-1.0896,37.0105,KE-NBI-001,JKUAT Main Farm, Juja,Generated (offline fallback)
2026-03-18,Wednesday,March,3,2026,Long Rains,12,20.7,87.1,30.5,9.8,S,41,18.45,0.32,35.69,0.0,CRITICAL,CRITICAL,-1.0896,37.0105,KE-NBI-001,JKUAT Main Farm, Juja,Generated (offline fallback)
2026-03-19,Thursday,March,3,2026,Long Rains,12,28.0,69.1,0.0,4.1,E,48,25.39,0.59,40.44,5.0,NORMAL,NORMAL,-1.0896,37.0105,KE-NBI-001,JKUAT Main Farm, Juja,Generated (offline fallback)
2026-03-20,Friday,March,3,2026,Long Rains,12,29.1,65.8,3.0,5.5,N,34,26.43,0.63,41.02,2.0,NORMAL,NORMAL,-1.0896,37.0105,KE-NBI-001,JKUAT Main Farm, Juja,Generated (offline fallback)
2026-03-21,Saturday,March,3,2026,Long Rains,12,20.7,81.3,0.0,16.1,S,58,18.34,0.38,34.64,5.0,NORMAL,NORMAL,-1.0896,37.0105,KE-NBI-001,JKUAT Main Farm, Juja,Generated (offline fallback)
2026-03-22,Sunday,March,3,2026,Long Rains,12,24.8,84.0,7.8,11.0,SW,56,22.49,0.39,39.7,0.0,NORMAL,NORMAL,-1.0896,37.0105,KE-NBI-001,JKUAT Main Farm, Juja,Generated (offline fallback)
2026-03-23,Monday,March,3,2026,Long Rains,12,25.0,70.1,0.0,11.8,W,35,22.41,0.54,37.34,5.0,NORMAL,NORMAL,-1.0896,37.0105,KE-NBI-001,JKUAT Main Farm, Juja,Generated (offline fallback)
2026-03-24,Tuesday,March,3,2026,Long Rains,12,20.8,74.6,17.0,14.5,SE,64,18.3,0.45,33.54,0.0,NORMAL,NORMAL,-1.0896,37.0105,KE-NBI-001,JKUAT Main Farm, Juja,Generated (offline fallback)
2026-03-25,Wednesday,March,3,2026,Long Rains,12,23.5,68.5,0.0,5.2,W,36,20.88,0.53,35.4,5.0,NORMAL,NORMAL,-1.0896,37.0105,KE-NBI-001,JKUAT Main Farm, Juja,Generated (offline fallback)
2026-03-26,Thursday,March,3,2026,Long Rains,12,21.4,74.8,0.0,7.9,N,69,18.91,0.45,34.24,5.0,NORMAL,NORMAL,-1.0896,37.0105,KE-NBI-001,JKUAT Main Farm, Juja,Generated (offline fallback)
2026-03-27,Friday,March,3,2026,Long Rains,12,18.7,88.8,37.5,9.8,SE,53,16.49,0.28,33.76,0.0,CRITICAL,CRITICAL,-1.0896,37.0105,KE-NBI-001,JKUAT Main Farm, Juja,Generated (offline fallback)
2026-03-28,Saturday,March,3,2026,Long Rains,12,28.3,81.2,31.8,6.9,E,52,25.94,0.46,43.07,0.0,CRITICAL,CRITICAL,-1.0896,37.0105,KE-NBI-001,JKUAT Main Farm, Juja,Generated (offline fallback)
2026-03-29,Sunday,March,3,2026,Long Rains,12,24.3,72.9,0.0,3.2,SW,45,21.77,0.5,37.08,5.0,NORMAL,NORMAL,-1.0896,37.0105,KE-NBI-001,JKUAT Main Farm, Juja,Generated (offline fallback)
2026-03-30,Monday,March,3,2026,Long Rains,12,21.4,82.3,0.0,6.5,W,42,19.06,0.38,35.6,5.0,NORMAL,NORMAL,-1.0896,37.0105,KE-NBI-001,JKUAT Main Farm, Juja,Generated (offline fallback)
2026-03-31,Tuesday,March,3,2026,Long Rains,12,28.7,70.6,0.0,11.5,SE,66,26.12,0.58,41.49,5.0,NORMAL,NORMAL,-1.0896,37.0105,KE-NBI-001,JKUAT Main Farm, Juja,Generated (offline fallback)
2026-04-01,Wednesday,April,4,2026,Long Rains,12,18.6,85.9,0.0,12.9,W,44,16.33,0.31,33.12,5.0,WARNING,WARNING,-1.0896,37.0105,KE-NBI-001,JKUAT Main Farm, Juja,Generated (offline fallback)
2026-04-02,Thursday,April,4,2026,Long Rains,12,22.8,94.9,43.5,9.3,N,33,20.71,0.21,39.49,0.0,CRITICAL,CRITICAL,-1.0896,37.0105,KE-NBI-001,JKUAT Main Farm, Juja,Generated (offline fallback)
2026-04-03,Friday,April,4,2026,Long Rains,12,22.8,78.5,37.8,2.7,NW,43,20.38,0.43,36.46,0.0,CRITICAL,CRITICAL,-1.0896,37.0105,KE-NBI-001,JKUAT Main Farm, Juja,Generated (offline fallback)
2026-04-04,Saturday,April,4,2026,Long Rains,12,22.9,80.9,0.0,11.7,SE,42,20.53,0.41,37.01,5.0,NORMAL,NORMAL,-1.0896,37.0105,KE-NBI-001,JKUAT Main Farm, Juja,Generated (offline fallback)
2026-04-05,Sunday,April,4,2026,Long Rains,12,28.0,73.6,29.4,3.9,N,38,25.48,0.54,41.29,0.0,CRITICAL,CRITICAL,-1.0896,37.0105,KE-NBI-001,JKUAT Main Farm, Juja,Generated (offline fallback)
2026-04-06,Monday,April,4,2026,Long Rains,12,18.1,88.0,0.0,13.8,S,49,15.87,0.29,32.94,5.0,WARNING,WARNING,-1.0896,37.0105,KE-NBI-001,JKUAT Main Farm, Juja,Generated (offline fallback)
2026-04-07,Tuesday,April,4,2026,Long Rains,12,17.9,85.2,0.0,4.4,N,41,15.62,0.32,32.22,5.0,WARNING,WARNING,-1.0896,37.0105,KE-NBI-001,JKUAT Main Farm, Juja,Generated (offline fallback)
2026-04-08,Wednesday,April,4,2026,Long Rains,12,21.2,87.0,0.0,8.7,E,53,18.95,0.32,36.23,5.0,WARNING,WARNING,-1.0896,37.0105,KE-NBI-001,JKUAT Main Farm, Juja,Generated (offline fallback)
2026-04-09,Thursday,April,4,2026,Long Rains,12,18.7,92.3,26.6,4.1,E,27,16.56,0.23,34.39,0.0,CRITICAL,CRITICAL,-1.0896,37.0105,KE-NBI-001,JKUAT Main Farm, Juja,Generated (offline fallback)
2026-04-10,Friday,April,4,2026,Long Rains,12,26.8,82.6,24.0,9.0,W,48,24.46,0.43,41.67,0.0,NORMAL,NORMAL,-1.0896,37.0105,KE-NBI-001,JKUAT Main Farm, Juja,Generated (offline fallback)
2026-04-11,Saturday,April,4,2026,Long Rains,12,24.9,76.5,30.9,5.9,W,56,22.44,0.48,38.41,0.0,CRITICAL,CRITICAL,-1.0896,37.0105,KE-NBI-001,JKUAT Main Farm, Juja,Generated (offline fallback)
2026-04-12,Sunday,April,4,2026,Long Rains,12,20.1,77.4,20.3,7.5,SW,43,17.66,0.41,33.27,0.0,NORMAL,NORMAL,-1.0896,37.0105,KE-NBI-001,JKUAT Main Farm, Juja,Generated (offline fallback)
2026-04-13,Monday,April,4,2026,Long Rains,12,20.0,94.2,31.9,3.0,NW,59,17.9,0.21,36.2,0.0,CRITICAL,CRITICAL,-1.0896,37.0105,KE-NBI-001,JKUAT Main Farm, Juja,Generated (offline fallback)
2026-04-14,Tuesday,April,4,2026,Long Rains,12,18.2,83.4,32.2,12.5,E,53,15.88,0.34,32.23,0.0,CRITICAL,CRITICAL,-1.0896,37.0105,KE-NBI-001,JKUAT Main Farm, Juja,Generated (offline fallback)
2026-04-15,Wednesday,April,4,2026,Long Rains,12,26.0,76.4,6.9,3.2,SW,38,23.54,0.49,39.61,0.0,NORMAL,NORMAL,-1.0896,37.0105,KE-NBI-001,JKUAT Main Farm, Juja,Generated (offline fallback)
2026-04-16,Thursday,April,4,2026,Long Rains,12,27.5,96.2,30.9,14.9,N,60,25.44,0.2,45.07,0.0,CRITICAL,CRITICAL,-1.0896,37.0105,KE-NBI-001,JKUAT Main Farm, Juja,Generated (offline fallback)
2026-04-17,Friday,April,4,2026,Long Rains,12,22.5,86.2,24.1,9.3,W,27,20.24,0.34,37.54,0.0,WARNING,WARNING,-1.0896,37.0105,KE-NBI-001,JKUAT Main Farm, Juja,Generated (offline fallback)
2026-04-18,Saturday,April,4,2026,Long Rains,12,27.3,73.9,12.1,13.5,SW,49,24.79,0.53,40.58,0.0,NORMAL,NORMAL,-1.0896,37.0105,KE-NBI-001,JKUAT Main Farm, Juja,Generated (offline fallback)
2026-04-19,Sunday,April,4,2026,Long Rains,12,19.6,66.0,9.7,2.1,W,57,16.93,0.5,30.7,0.0,WARNING,WARNING,-1.0896,37.0105,KE-NBI-001,JKUAT Main Farm, Juja,Generated (offline fallback)
2026-04-20,Monday,April,4,2026,Long Rains,12,25.6,75.9,38.2,8.4,E,28,23.13,0.49,39.07,0.0,CRITICAL,CRITICAL,-1.0896,37.0105,KE-NBI-001,JKUAT Main Farm, Juja,Generated (offline fallback)
2026-04-21,Tuesday,April,4,2026,Long Rains,12,25.5,92.5,9.4,4.1,S,54,23.36,0.27,42.09,0.0,WARNING,WARNING,-1.0896,37.0105,KE-NBI-001,JKUAT Main Farm, Juja,Generated (offline fallback)
2026-04-22,Wednesday,April,4,2026,Long Rains,12,23.4,72.6,15.9,13.6,SE,55,20.86,0.5,36.04,0.0,NORMAL,NORMAL,-1.0896,37.0105,KE-NBI-001,JKUAT Main Farm, Juja,Generated (offline fallback)
2026-04-23,Thursday,April,4,2026,Long Rains,12,27.3,90.5,29.9,2.8,N,39,25.12,0.32,43.74,0.0,CRITICAL,CRITICAL,-1.0896,37.0105,KE-NBI-001,JKUAT Main Farm, Juja,Generated (offline fallback)
2026-04-24,Friday,April,4,2026,Long Rains,12,22.2,86.5,28.2,14.4,SW,59,19.94,0.34,37.26,0.0,CRITICAL,CRITICAL,-1.0896,37.0105,KE-NBI-001,JKUAT Main Farm, Juja,Generated (offline fallback)
2026-04-25,Saturday,April,4,2026,Long Rains,12,20.9,70.9,0.0,4.3,NW,55,18.33,0.48,32.99,5.0,NORMAL,NORMAL,-1.0896,37.0105,KE-NBI-001,JKUAT Main Farm, Juja,Generated (offline fallback)
2026-04-26,Sunday,April,4,2026,Long Rains,12,24.7,89.1,51.0,3.5,SE,52,22.5,0.32,40.55,0.0,CRITICAL,CRITICAL,-1.0896,37.0105,KE-NBI-001,JKUAT Main Farm, Juja,Generated (offline fallback)
2026-04-27,Monday,April,4,2026,Long Rains,12,21.2,98.0,52.6,8.1,W,63,19.17,0.13,38.26,0.0,CRITICAL,CRITICAL,-1.0896,37.0105,KE-NBI-001,JKUAT Main Farm, Juja,Generated (offline fallback)
2026-04-28,Tuesday,April,4,2026,Long Rains,12,24.4,75.4,18.7,5.3,NE,50,21.92,0.48,37.66,0.0,NORMAL,NORMAL,-1.0896,37.0105,KE-NBI-001,JKUAT Main Farm, Juja,Generated (offline fallback)
2026-04-29,Wednesday,April,4,2026,Long Rains,12,20.2,80.3,36.8,7.4,S,40,17.82,0.39,33.9,0.0,CRITICAL,CRITICAL,-1.0896,37.0105,KE-NBI-001,JKUAT Main Farm, Juja,Generated (offline fallback)
2026-04-30,Thursday,April,4,2026,Long Rains,12,24.9,92.8,8.4,8.9,NE,45,22.77,0.26,41.47,0.0,WARNING,WARNING,-1.0896,37.0105,KE-NBI-001,JKUAT Main Farm, Juja,Generated (offline fallback)
2026-05-01,Friday,May,5,2026,Long Rains,12,16.8,98.0,11.4,10.2,NW,33,14.77,0.11,33.26,0.0,WARNING,WARNING,-1.0896,37.0105,KE-NBI-001,JKUAT Main Farm, Juja,Generated (offline fallback)
2026-05-02,Saturday,May,5,2026,Long Rains,12,18.4,86.2,42.3,9.5,NE,53,16.14,0.31,32.95,0.0,CRITICAL,CRITICAL,-1.0896,37.0105,KE-NBI-001,JKUAT Main Farm, Juja,Generated (offline fallback)
2026-05-03,Sunday,May,5,2026,Long Rains,12,24.3,88.1,37.6,10.9,W,54,22.07,0.33,39.91,0.0,CRITICAL,CRITICAL,-1.0896,37.0105,KE-NBI-001,JKUAT Main Farm, Juja,Generated (offline fallback)
2026-05-04,Monday,May,5,2026,Long Rains,12,20.5,79.7,14.7,11.8,NE,30,18.11,0.4,34.13,0.0,NORMAL,NORMAL,-1.0896,37.0105,KE-NBI-001,JKUAT Main Farm, Juja,Generated (offline fallback)
2026-05-05,Tuesday,May,5,2026,Long Rains,12,22.0,83.8,28.2,15.8,E,28,19.69,0.37,36.54,0.0,CRITICAL,CRITICAL,-1.0896,37.0105,KE-NBI-001,JKUAT Main Farm, Juja,Generated (offline fallback)
2026-05-06,Wednesday,May,5,2026,Long Rains,12,16.6,80.3,11.7,14.5,N,48,14.22,0.35,29.91,0.0,WARNING,WARNING,-1.0896,37.0105,KE-NBI-001,JKUAT Main Farm, Juja,Generated (offline fallback)
2026-05-07,Thursday,May,5,2026,Long Rains,12,20.6,88.1,0.0,9.3,E,44,18.37,0.3,35.76,5.0,WARNING,WARNING,-1.0896,37.0105,KE-NBI-001,JKUAT Main Farm, Juja,Generated (offline fallback)
2026-05-08,Friday,May,5,2026,Long Rains,12,19.8,70.6,3.4,17.4,NE,48,17.22,0.47,31.73,1.6,WARNING,WARNING,-1.0896,37.0105,KE-NBI-001,JKUAT Main Farm, Juja,Generated (offline fallback)
2026-05-09,Saturday,May,5,2026,Long Rains,12,18.1,94.6,34.0,11.1,E,67,16.01,0.19,34.12,0.0,CRITICAL,CRITICAL,-1.0896,37.0105,KE-NBI-001,JKUAT Main Farm, Juja,Generated (offline fallback)
2026-05-10,Sunday,May,5,2026,Long Rains,12,18.8,88.7,17.2,10.3,W,45,16.59,0.28,33.85,0.0,WARNING,WARNING,-1.0896,37.0105,KE-NBI-001,JKUAT Main Farm, Juja,Generated (offline fallback)
2026-05-11,Monday,May,5,2026,Long Rains,12,21.5,83.9,23.6,12.9,S,43,19.19,0.36,36.0,0.0,NORMAL,NORMAL,-1.0896,37.0105,KE-NBI-001,JKUAT Main Farm, Juja,Generated (offline fallback)
2026-05-12,Tuesday,May,5,2026,Long Rains,12,26.5,83.2,42.6,12.8,N,54,24.18,0.42,41.45,0.0,CRITICAL,CRITICAL,-1.0896,37.0105,KE-NBI-001,JKUAT Main Farm, Juja,Generated (offline fallback)
2026-05-13,Wednesday,May,5,2026,Long Rains,12,19.8,76.9,0.0,12.7,S,66,17.35,0.42,32.85,5.0,WARNING,WARNING,-1.0896,37.0105,KE-NBI-001,JKUAT Main Farm, Juja,Generated (offline fallback)
2026-05-14,Thursday,May,5,2026,Long Rains,12,25.0,78.2,0.0,5.5,NW,29,22.58,0.46,38.84,5.0,NORMAL,NORMAL,-1.0896,37.0105,KE-NBI-001,JKUAT Main Farm, Juja,Generated (offline fallback)
2026-05-15,Friday,May,5,2026,Long Rains,12,25.0,73.5,41.4,15.0,N,58,22.48,0.51,37.97,0.0,CRITICAL,CRITICAL,-1.0896,37.0105,KE-NBI-001,JKUAT Main Farm, Juja,Generated (offline fallback)
2026-05-16,Saturday,May,5,2026,Long Rains,12,24.0,82.5,0.0,12.6,NE,57,21.66,0.4,38.53,5.0,NORMAL,NORMAL,-1.0896,37.0105,KE-NBI-001,JKUAT Main Farm, Juja,Generated (offline fallback)
2026-05-17,Sunday,May,5,2026,Long Rains,12,19.8,88.1,0.0,11.3,W,50,17.57,0.3,34.86,5.0,WARNING,WARNING,-1.0896,37.0105,KE-NBI-001,JKUAT Main Farm, Juja,Generated (offline fallback)
2026-05-18,Monday,May,5,2026,Long Rains,12,25.1,87.7,36.8,16.9,NW,57,22.87,0.35,40.73,0.0,CRITICAL,CRITICAL,-1.0896,37.0105,KE-NBI-001,JKUAT Main Farm, Juja,Generated (offline fallback)
2026-05-19,Tuesday,May,5,2026,Long Rains,12,19.6,70.2,7.5,15.6,SW,66,17.01,0.47,31.44,0.0,WARNING,WARNING,-1.0896,37.0105,KE-NBI-001,JKUAT Main Farm, Juja,Generated (offline fallback)
2026-05-20,Wednesday,May,5,2026,Long Rains,12,17.9,72.4,43.5,13.4,S,29,15.36,0.43,29.97,0.0,CRITICAL,CRITICAL,-1.0896,37.0105,KE-NBI-001,JKUAT Main Farm, Juja,Generated (offline fallback)
2026-05-21,Thursday,May,5,2026,Long Rains,12,18.2,83.5,6.5,3.4,W,51,15.88,0.34,32.25,0.0,WARNING,WARNING,-1.0896,37.0105,KE-NBI-001,JKUAT Main Farm, Juja,Generated (offline fallback)
2026-05-22,Friday,May,5,2026,Long Rains,12,19.3,77.7,0.0,9.7,N,66,16.87,0.4,32.44,5.0,WARNING,WARNING,-1.0896,37.0105,KE-NBI-001,JKUAT Main Farm, Juja,Generated (offline fallback)
2026-05-23,Saturday,May,5,2026,Long Rains,12,27.2,78.0,0.0,11.0,SW,49,24.77,0.49,41.24,5.0,NORMAL,NORMAL,-1.0896,37.0105,KE-NBI-001,JKUAT Main Farm, Juja,Generated (offline fallback)
2026-05-24,Sunday,May,5,2026,Long Rains,12,22.8,68.1,0.0,8.1,S,28,20.17,0.53,34.57,5.0,NORMAL,NORMAL,-1.0896,37.0105,KE-NBI-001,JKUAT Main Farm, Juja,Generated (offline fallback)
2026-05-25,Monday,May,5,2026,Long Rains,12,25.4,94.6,11.9,10.6,W,64,23.31,0.23,42.38,0.0,WARNING,WARNING,-1.0896,37.0105,KE-NBI-001,JKUAT Main Farm, Juja,Generated (offline fallback)
2026-05-26,Tuesday,May,5,2026,Long Rains,12,18.4,90.8,0.0,12.0,E,47,16.23,0.25,33.78,5.0,WARNING,WARNING,-1.0896,37.0105,KE-NBI-001,JKUAT Main Farm, Juja,Generated (offline fallback)
2026-05-27,Wednesday,May,5,2026,Long Rains,12,26.1,84.7,0.0,8.2,N,48,23.81,0.39,41.29,5.0,NORMAL,NORMAL,-1.0896,37.0105,KE-NBI-001,JKUAT Main Farm, Juja,Generated (offline fallback)
2026-05-28,Thursday,May,5,2026,Long Rains,12,26.8,72.0,0.0,8.6,E,45,24.25,0.54,39.67,5.0,NORMAL,NORMAL,-1.0896,37.0105,KE-NBI-001,JKUAT Main Farm, Juja,Generated (offline fallback)
2026-05-29,Friday,May,5,2026,Long Rains,12,15.6,83.1,6.2,5.5,S,30,13.27,0.32,29.29,0.0,WARNING,WARNING,-1.0896,37.0105,KE-NBI-001,JKUAT Main Farm, Juja,Generated (offline fallback)
2026-05-30,Saturday,May,5,2026,Long Rains,12,25.3,76.4,30.6,7.1,NE,48,22.84,0.48,38.84,0.0,CRITICAL,CRITICAL,-1.0896,37.0105,KE-NBI-001,JKUAT Main Farm, Juja,Generated (offline fallback)
2026-05-31,Sunday,May,5,2026,Long Rains,12,23.1,73.5,0.0,10.9,W,57,20.58,0.48,35.87,5.0,NORMAL,NORMAL,-1.0896,37.0105,KE-NBI-001,JKUAT Main Farm, Juja,Generated (offline fallback)
2026-06-01,Monday,June,6,2026,Dry (Jun-Aug),12,15.4,53.7,0.0,18.5,NW,54,12.48,0.52,24.07,5.0,WARNING,WARNING,-1.0896,37.0105,KE-NBI-001,JKUAT Main Farm, Juja,Generated (offline fallback)
2026-06-02,Tuesday,June,6,2026,Dry (Jun-Aug),12,17.0,56.7,0.0,10.8,NE,36,14.14,0.53,26.29,5.0,WARNING,WARNING,-1.0896,37.0105,KE-NBI-001,JKUAT Main Farm, Juja,Generated (offline fallback)
2026-06-03,Wednesday,June,6,2026,Dry (Jun-Aug),12,19.0,73.1,0.0,19.3,SE,72,16.47,0.44,31.3,5.0,WARNING,WARNING,-1.0896,37.0105,KE-NBI-001,JKUAT Main Farm, Juja,Generated (offline fallback)
2026-06-04,Thursday,June,6,2026,Dry (Jun-Aug),12,19.3,67.5,0.0,13.2,E,52,16.66,0.49,30.64,5.0,WARNING,WARNING,-1.0896,37.0105,KE-NBI-001,JKUAT Main Farm, Juja,Generated (offline fallback)
2026-06-05,Friday,June,6,2026,Dry (Jun-Aug),12,24.1,60.1,0.0,11.4,N,62,21.31,0.61,34.53,5.0,NORMAL,NORMAL,-1.0896,37.0105,KE-NBI-001,JKUAT Main Farm, Juja,Generated (offline fallback)
2026-06-06,Saturday,June,6,2026,Dry (Jun-Aug),12,14.9,70.7,1.9,9.2,SW,72,12.32,0.41,26.39,3.1,WARNING,WARNING,-1.0896,37.0105,KE-NBI-001,JKUAT Main Farm, Juja,Generated (offline fallback)
2026-06-07,Sunday,June,6,2026,Dry (Jun-Aug),12,23.3,50.7,0.0,9.4,W,65,20.32,0.66,31.99,5.0,NORMAL,NORMAL,-1.0896,37.0105,KE-NBI-001,JKUAT Main Farm, Juja,Generated (offline fallback)
2026-06-08,Monday,June,6,2026,Dry (Jun-Aug),12,18.4,69.2,0.0,31.0,SE,106,15.79,0.46,29.95,5.0,WARNING,WARNING,-1.0896,37.0105,KE-NBI-001,JKUAT Main Farm, Juja,Generated (offline fallback)
2026-06-09,Tuesday,June,6,2026,Dry (Jun-Aug),12,24.7,63.9,5.9,28.6,N,57,21.99,0.59,35.87,0.0,NORMAL,NORMAL,-1.0896,37.0105,KE-NBI-001,JKUAT Main Farm, Juja,Generated (offline fallback)
2026-06-10,Wednesday,June,6,2026,Dry (Jun-Aug),12,21.3,56.6,8.0,18.6,NW,58,18.44,0.59,30.89,0.0,NORMAL,NORMAL,-1.0896,37.0105,KE-NBI-001,JKUAT Main Farm, Juja,Generated (offline fallback)
2026-06-11,Thursday,June,6,2026,Dry (Jun-Aug),12,21.6,58.4,0.0,19.1,S,82,18.78,0.58,31.53,5.0,NORMAL,NORMAL,-1.0896,37.0105,KE-NBI-001,JKUAT Main Farm, Juja,Generated (offline fallback)
2026-06-12,Friday,June,6,2026,Dry (Jun-Aug),12,17.1,53.6,0.0,27.0,NE,55,14.18,0.55,25.87,5.0,WARNING,WARNING,-1.0896,37.0105,KE-NBI-001,JKUAT Main Farm, Juja,Generated (offline fallback)
2026-06-13,Saturday,June,6,2026,Dry (Jun-Aug),12,24.4,74.9,0.0,23.2,SW,40,21.91,0.49,37.56,5.0,NORMAL,NORMAL,-1.0896,37.0105,KE-NBI-001,JKUAT Main Farm, Juja,Generated (offline fallback)
2026-06-14,Sunday,June,6,2026,Dry (Jun-Aug),12,24.3,65.1,4.1,21.4,NW,75,21.61,0.57,35.66,0.9,NORMAL,NORMAL,-1.0896,37.0105,KE-NBI-001,JKUAT Main Farm, Juja,Generated (offline fallback)
2026-06-15,Monday,June,6,2026,Dry (Jun-Aug),12,17.2,63.7,0.0,32.2,W,111,14.48,0.49,27.7,5.0,WARNING,WARNING,-1.0896,37.0105,KE-NBI-001,JKUAT Main Farm, Juja,Generated (offline fallback)
2026-06-16,Tuesday,June,6,2026,Dry (Jun-Aug),12,16.3,66.3,0.0,32.8,NE,66,13.64,0.46,27.17,5.0,WARNING,WARNING,-1.0896,37.0105,KE-NBI-001,JKUAT Main Farm, Juja,Generated (offline fallback)
2026-06-17,Wednesday,June,6,2026,Dry (Jun-Aug),12,25.2,74.7,0.0,34.5,E,49,22.7,0.5,38.41,5.0,NORMAL,NORMAL,-1.0896,37.0105,KE-NBI-001,JKUAT Main Farm, Juja,Generated (offline fallback)
2026-06-18,Thursday,June,6,2026,Dry (Jun-Aug),12,24.2,53.7,0.0,19.6,NW,77,21.28,0.66,33.49,5.0,NORMAL,NORMAL,-1.0896,37.0105,KE-NBI-001,JKUAT Main Farm, Juja,Generated (offline fallback)
2026-06-19,Friday,June,6,2026,Dry (Jun-Aug),12,25.5,69.0,0.0,23.2,E,78,22.89,0.55,37.68,5.0,NORMAL,NORMAL,-1.0896,37.0105,KE-NBI-001,JKUAT Main Farm, Juja,Generated (offline fallback)
2026-06-20,Saturday,June,6,2026,Dry (Jun-Aug),12,23.2,58.2,0.0,31.9,SE,74,20.37,0.61,33.22,5.0,NORMAL,NORMAL,-1.0896,37.0105,KE-NBI-001,JKUAT Main Farm, Juja,Generated (offline fallback)
2026-06-21,Sunday,June,6,2026,Dry (Jun-Aug),12,24.1,73.1,0.0,13.3,NE,79,21.57,0.5,36.9,5.0,NORMAL,NORMAL,-1.0896,37.0105,KE-NBI-001,JKUAT Main Farm, Juja,Generated (offline fallback)
2026-06-22,Monday,June,6,2026,Dry (Jun-Aug),12,22.9,74.9,0.0,26.3,E,54,20.41,0.47,35.91,5.0,NORMAL,NORMAL,-1.0896,37.0105,KE-NBI-001,JKUAT Main Farm, Juja,Generated (offline fallback)
2026-06-23,Tuesday,June,6,2026,Dry (Jun-Aug),12,18.2,62.8,0.0,8.0,N,66,15.47,0.51,28.63,5.0,WARNING,WARNING,-1.0896,37.0105,KE-NBI-001,JKUAT Main Farm, Juja,Generated (offline fallback)
2026-06-24,Wednesday,June,6,2026,Dry (Jun-Aug),12,18.4,71.7,0.0,32.5,NW,110,15.84,0.44,30.39,5.0,WARNING,WARNING,-1.0896,37.0105,KE-NBI-001,JKUAT Main Farm, Juja,Generated (offline fallback)
2026-06-25,Thursday,June,6,2026,Dry (Jun-Aug),12,15.6,54.7,0.0,22.4,SW,35,12.7,0.52,24.45,5.0,WARNING,WARNING,-1.0896,37.0105,KE-NBI-001,JKUAT Main Farm, Juja,Generated (offline fallback)
2026-06-26,Friday,June,6,2026,Dry (Jun-Aug),12,20.2,70.3,10.9,16.4,N,38,17.62,0.48,32.12,0.0,NORMAL,NORMAL,-1.0896,37.0105,KE-NBI-001,JKUAT Main Farm, Juja,Generated (offline fallback)
2026-06-27,Saturday,June,6,2026,Dry (Jun-Aug),12,17.0,53.5,2.5,17.7,S,47,14.08,0.55,25.74,2.5,WARNING,WARNING,-1.0896,37.0105,KE-NBI-001,JKUAT Main Farm, Juja,Generated (offline fallback)
2026-06-28,Sunday,June,6,2026,Dry (Jun-Aug),12,22.5,67.8,0.0,16.9,S,40,19.87,0.53,34.18,5.0,NORMAL,NORMAL,-1.0896,37.0105,KE-NBI-001,JKUAT Main Farm, Juja,Generated (offline fallback)
2026-06-29,Monday,June,6,2026,Dry (Jun-Aug),12,19.5,58.6,0.0,16.0,W,35,16.68,0.55,29.3,5.0,WARNING,WARNING,-1.0896,37.0105,KE-NBI-001,JKUAT Main Farm, Juja,Generated (offline fallback)
2026-06-30,Tuesday,June,6,2026,Dry (Jun-Aug),12,23.3,52.3,6.6,29.9,S,84,20.35,0.65,32.28,0.0,NORMAL,NORMAL,-1.0896,37.0105,KE-NBI-001,JKUAT Main Farm, Juja,Generated (offline fallback)
2026-07-01,Wednesday,July,7,2026,Dry (Jun-Aug),12,19.9,57.1,0.0,25.5,NW,94,17.05,0.57,29.47,5.0,WARNING,WARNING,-1.0896,37.0105,KE-NBI-001,JKUAT Main Farm, Juja,Generated (offline fallback)
2026-07-02,Thursday,July,7,2026,Dry (Jun-Aug),12,17.6,68.8,0.0,30.1,SE,90,14.99,0.45,29.01,5.0,WARNING,WARNING,-1.0896,37.0105,KE-NBI-001,JKUAT Main Farm, Juja,Generated (offline fallback)
2026-07-03,Friday,July,7,2026,Dry (Jun-Aug),12,16.2,71.3,0.0,32.2,NE,98,13.64,0.42,27.91,5.0,WARNING,WARNING,-1.0896,37.0105,KE-NBI-001,JKUAT Main Farm, Juja,Generated (offline fallback)
2026-07-04,Saturday,July,7,2026,Dry (Jun-Aug),12,20.2,56.2,0.0,20.9,W,64,17.33,0.58,29.64,5.0,NORMAL,NORMAL,-1.0896,37.0105,KE-NBI-001,JKUAT Main Farm, Juja,Generated (offline fallback)
2026-07-05,Sunday,July,7,2026,Dry (Jun-Aug),12,21.8,49.9,0.0,33.5,E,65,18.81,0.64,30.25,5.0,NORMAL,NORMAL,-1.0896,37.0105,KE-NBI-001,JKUAT Main Farm, Juja,Generated (offline fallback)
2026-07-06,Monday,July,7,2026,Dry (Jun-Aug),12,21.7,58.0,0.0,34.6,SW,82,18.87,0.59,31.57,5.0,NORMAL,NORMAL,-1.0896,37.0105,KE-NBI-001,JKUAT Main Farm, Juja,Generated (offline fallback)
2026-07-07,Tuesday,July,7,2026,Dry (Jun-Aug),12,21.0,71.6,0.0,38.7,S,97,18.44,0.48,33.22,5.0,NORMAL,NORMAL,-1.0896,37.0105,KE-NBI-001,JKUAT Main Farm, Juja,Generated (offline fallback)
2026-07-08,Wednesday,July,7,2026,Dry (Jun-Aug),12,19.7,68.4,0.0,23.4,S,45,17.08,0.48,31.23,5.0,WARNING,WARNING,-1.0896,37.0105,KE-NBI-001,JKUAT Main Farm, Juja,Generated (offline fallback)
2026-07-09,Thursday,July,7,2026,Dry (Jun-Aug),12,20.8,71.5,0.0,35.2,NE,55,18.24,0.47,32.99,5.0,NORMAL,NORMAL,-1.0896,37.0105,KE-NBI-001,JKUAT Main Farm, Juja,Generated (offline fallback)
2026-07-10,Friday,July,7,2026,Dry (Jun-Aug),12,16.2,52.3,0.0,26.4,SW,120,13.25,0.54,24.69,5.0,WARNING,WARNING,-1.0896,37.0105,KE-NBI-001,JKUAT Main Farm, Juja,Generated (offline fallback)
2026-07-11,Saturday,July,7,2026,Dry (Jun-Aug),12,21.9,60.1,0.2,10.7,SE,87,19.11,0.58,32.16,4.8,NORMAL,NORMAL,-1.0896,37.0105,KE-NBI-001,JKUAT Main Farm, Juja,Generated (offline fallback)
2026-07-12,Sunday,July,7,2026,Dry (Jun-Aug),12,20.8,61.2,0.0,12.4,NE,43,18.03,0.55,31.16,5.0,NORMAL,NORMAL,-1.0896,37.0105,KE-NBI-001,JKUAT Main Farm, Juja,Generated (offline fallback)
2026-07-13,Monday,July,7,2026,Dry (Jun-Aug),12,22.9,62.3,2.4,13.4,SW,47,20.16,0.57,33.63,2.6,NORMAL,NORMAL,-1.0896,37.0105,KE-NBI-001,JKUAT Main Farm, Juja,Generated (offline fallback)
2026-07-14,Tuesday,July,7,2026,Dry (Jun-Aug),12,17.7,52.6,0.0,31.4,NW,102,14.76,0.56,26.34,5.0,WARNING,WARNING,-1.0896,37.0105,KE-NBI-001,JKUAT Main Farm, Juja,Generated (offline fallback)
2026-07-15,Wednesday,July,7,2026,Dry (Jun-Aug),12,21.7,70.7,0.0,12.7,N,45,19.12,0.49,33.83,5.0,NORMAL,NORMAL,-1.0896,37.0105,KE-NBI-001,JKUAT Main Farm, Juja,Generated (offline fallback)
2026-07-16,Thursday,July,7,2026,Dry (Jun-Aug),12,15.2,58.3,0.0,35.1,SW,78,12.37,0.49,24.62,5.0,WARNING,WARNING,-1.0896,37.0105,KE-NBI-001,JKUAT Main Farm, Juja,Generated (offline fallback)
2026-07-17,Friday,July,7,2026,Dry (Jun-Aug),12,19.8,62.4,0.0,16.1,NE,83,17.06,0.53,30.29,5.0,WARNING,WARNING,-1.0896,37.0105,KE-NBI-001,JKUAT Main Farm, Juja,Generated (offline fallback)
2026-07-18,Saturday,July,7,2026,Dry (Jun-Aug),12,22.6,56.0,1.3,15.9,NE,44,19.73,0.62,32.18,3.7,NORMAL,NORMAL,-1.0896,37.0105,KE-NBI-001,JKUAT Main Farm, Juja,Generated (offline fallback)
2026-07-19,Sunday,July,7,2026,Dry (Jun-Aug),12,17.9,52.4,0.0,21.1,S,69,14.96,0.57,26.52,5.0,WARNING,WARNING,-1.0896,37.0105,KE-NBI-001,JKUAT Main Farm, Juja,Generated (offline fallback)
2026-07-20,Monday,July,7,2026,Dry (Jun-Aug),12,21.7,61.5,0.0,18.3,W,52,18.94,0.56,32.19,5.0,NORMAL,NORMAL,-1.0896,37.0105,KE-NBI-001,JKUAT Main Farm, Juja,Generated (offline fallback)
2026-07-21,Tuesday,July,7,2026,Dry (Jun-Aug),12,22.4,62.2,0.0,31.2,W,90,19.65,0.57,33.07,5.0,NORMAL,NORMAL,-1.0896,37.0105,KE-NBI-001,JKUAT Main Farm, Juja,Generated (offline fallback)
2026-07-22,Wednesday,July,7,2026,Dry (Jun-Aug),12,24.0,48.8,0.0,24.0,SE,88,20.98,0.69,32.4,5.0,NORMAL,NORMAL,-1.0896,37.0105,KE-NBI-001,JKUAT Main Farm, Juja,Generated (offline fallback)
2026-07-23,Thursday,July,7,2026,Dry (Jun-Aug),12,14.1,60.0,0.0,21.6,SE,53,11.31,0.46,23.72,5.0,WARNING,WARNING,-1.0896,37.0105,KE-NBI-001,JKUAT Main Farm, Juja,Generated (offline fallback)
2026-07-24,Friday,July,7,2026,Dry (Jun-Aug),12,22.6,57.4,0.0,13.7,E,71,19.76,0.61,32.43,5.0,NORMAL,NORMAL,-1.0896,37.0105,KE-NBI-001,JKUAT Main Farm, Juja,Generated (offline fallback)
2026-07-25,Saturday,July,7,2026,Dry (Jun-Aug),12,22.5,53.3,0.0,25.0,W,68,19.57,0.63,31.6,5.0,NORMAL,NORMAL,-1.0896,37.0105,KE-NBI-001,JKUAT Main Farm, Juja,Generated (offline fallback)
2026-07-26,Sunday,July,7,2026,Dry (Jun-Aug),12,19.3,53.5,0.0,20.7,NE,44,16.38,0.58,28.21,5.0,WARNING,WARNING,-1.0896,37.0105,KE-NBI-001,JKUAT Main Farm, Juja,Generated (offline fallback)
2026-07-27,Monday,July,7,2026,Dry (Jun-Aug),12,20.2,52.2,0.0,33.7,E,100,17.25,0.6,28.94,5.0,WARNING,WARNING,-1.0896,37.0105,KE-NBI-001,JKUAT Main Farm, Juja,Generated (offline fallback)
2026-07-28,Tuesday,July,7,2026,Dry (Jun-Aug),12,21.0,63.0,0.0,24.9,SE,75,18.27,0.54,31.7,5.0,NORMAL,NORMAL,-1.0896,37.0105,KE-NBI-001,JKUAT Main Farm, Juja,Generated (offline fallback)
2026-07-29,Wednesday,July,7,2026,Dry (Jun-Aug),12,18.4,64.6,0.0,29.1,S,86,15.7,0.5,29.15,5.0,WARNING,WARNING,-1.0896,37.0105,KE-NBI-001,JKUAT Main Farm, Juja,Generated (offline fallback)
2026-07-30,Thursday,July,7,2026,Dry (Jun-Aug),12,21.8,55.3,0.0,35.3,S,74,18.91,0.61,31.2,5.0,NORMAL,NORMAL,-1.0896,37.0105,KE-NBI-001,JKUAT Main Farm, Juja,Generated (offline fallback)
2026-07-31,Friday,July,7,2026,Dry (Jun-Aug),12,19.1,58.8,0.0,17.7,SW,82,16.28,0.54,28.91,5.0,WARNING,WARNING,-1.0896,37.0105,KE-NBI-001,JKUAT Main Farm, Juja,Generated (offline fallback)
2026-08-01,Saturday,August,8,2026,Dry (Jun-Aug),12,16.9,57.0,0.0,19.9,W,66,14.05,0.52,26.23,5.0,WARNING,WARNING,-1.0896,37.0105,KE-NBI-001,JKUAT Main Farm, Juja,Generated (offline fallback)
2026-08-02,Sunday,August,8,2026,Dry (Jun-Aug),12,22.7,64.7,0.0,36.4,SW,106,20.0,0.55,33.84,5.0,WARNING,WARNING,-1.0896,37.0105,KE-NBI-001,JKUAT Main Farm, Juja,Generated (offline fallback)
2026-08-03,Monday,August,8,2026,Dry (Jun-Aug),12,15.9,50.5,0.0,28.8,W,98,12.92,0.55,24.07,5.0,WARNING,WARNING,-1.0896,37.0105,KE-NBI-001,JKUAT Main Farm, Juja,Generated (offline fallback)
2026-08-04,Tuesday,August,8,2026,Dry (Jun-Aug),12,15.5,70.0,0.0,26.9,SE,100,12.91,0.42,26.93,5.0,WARNING,WARNING,-1.0896,37.0105,KE-NBI-001,JKUAT Main Farm, Juja,Generated (offline fallback)
2026-08-05,Wednesday,August,8,2026,Dry (Jun-Aug),12,18.0,50.4,0.0,11.9,E,67,15.02,0.58,26.29,5.0,WARNING,WARNING,-1.0896,37.0105,KE-NBI-001,JKUAT Main Farm, Juja,Generated (offline fallback)
2026-08-06,Thursday,August,8,2026,Dry (Jun-Aug),12,20.4,65.2,7.5,21.5,NE,71,17.71,0.52,31.43,0.0,NORMAL,NORMAL,-1.0896,37.0105,KE-NBI-001,JKUAT Main Farm, Juja,Generated (offline fallback)
2026-08-07,Friday,August,8,2026,Dry (Jun-Aug),12,20.9,50.9,0.0,36.5,NW,73,17.93,0.62,29.47,5.0,NORMAL,NORMAL,-1.0896,37.0105,KE-NBI-001,JKUAT Main Farm, Juja,Generated (offline fallback)
2026-08-08,Saturday,August,8,2026,Dry (Jun-Aug),12,19.4,59.1,0.0,37.2,NW,65,16.59,0.55,29.28,5.0,WARNING,WARNING,-1.0896,37.0105,KE-NBI-001,JKUAT Main Farm, Juja,Generated (offline fallback)
2026-08-09,Sunday,August,8,2026,Dry (Jun-Aug),12,15.7,61.7,0.0,37.6,NE,79,12.94,0.48,25.73,5.0,WARNING,WARNING,-1.0896,37.0105,KE-NBI-001,JKUAT Main Farm, Juja,Generated (offline fallback)
2026-08-10,Monday,August,8,2026,Dry (Jun-Aug),12,23.2,50.0,0.0,12.2,E,59,20.21,0.67,31.76,5.0,NORMAL,NORMAL,-1.0896,37.0105,KE-NBI-001,JKUAT Main Farm, Juja,Generated (offline fallback)
2026-08-11,Tuesday,August,8,2026,Dry (Jun-Aug),12,18.5,63.6,4.1,13.7,SE,50,15.78,0.5,29.09,0.9,WARNING,WARNING,-1.0896,37.0105,KE-NBI-001,JKUAT Main Farm, Juja,Generated (offline fallback)
2026-08-12,Wednesday,August,8,2026,Dry (Jun-Aug),12,19.6,55.5,0.0,25.8,N,51,16.72,0.57,28.87,5.0,WARNING,WARNING,-1.0896,37.0105,KE-NBI-001,JKUAT Main Farm, Juja,Generated (offline fallback)
2026-08-13,Thursday,August,8,2026,Dry (Jun-Aug),12,22.9,59.0,0.0,18.1,SE,65,20.09,0.6,33.04,5.0,NORMAL,NORMAL,-1.0896,37.0105,KE-NBI-001,JKUAT Main Farm, Juja,Generated (offline fallback)
2026-08-14,Friday,August,8,2026,Dry (Jun-Aug),12,26.0,60.4,0.0,14.0,W,64,23.22,0.63,36.64,5.0,NORMAL,NORMAL,-1.0896,37.0105,KE-NBI-001,JKUAT Main Farm, Juja,Generated (offline fallback)
2026-08-15,Saturday,August,8,2026,Dry (Jun-Aug),12,24.2,58.5,3.1,13.5,N,64,21.38,0.62,34.35,1.9,NORMAL,NORMAL,-1.0896,37.0105,KE-NBI-001,JKUAT Main Farm, Juja,Generated (offline fallback)
2026-08-16,Sunday,August,8,2026,Dry (Jun-Aug),12,15.4,48.4,0.0,24.4,NE,77,12.38,0.55,23.19,5.0,WARNING,WARNING,-1.0896,37.0105,KE-NBI-001,JKUAT Main Farm, Juja,Generated (offline fallback)
2026-08-17,Monday,August,8,2026,Dry (Jun-Aug),12,17.6,58.2,0.0,37.1,SE,62,14.77,0.53,27.19,5.0,WARNING,WARNING,-1.0896,37.0105,KE-NBI-001,JKUAT Main Farm, Juja,Generated (offline fallback)
2026-08-18,Tuesday,August,8,2026,Dry (Jun-Aug),12,19.9,58.9,4.2,18.8,W,42,17.09,0.56,29.79,0.8,WARNING,WARNING,-1.0896,37.0105,KE-NBI-001,JKUAT Main Farm, Juja,Generated (offline fallback)
2026-08-19,Wednesday,August,8,2026,Dry (Jun-Aug),12,23.2,49.9,0.0,11.2,N,83,20.21,0.67,31.75,5.0,NORMAL,NORMAL,-1.0896,37.0105,KE-NBI-001,JKUAT Main Farm, Juja,Generated (offline fallback)
2026-08-20,Thursday,August,8,2026,Dry (Jun-Aug),12,24.2,61.9,0.0,34.3,W,101,21.45,0.6,34.97,5.0,WARNING,WARNING,-1.0896,37.0105,KE-NBI-001,JKUAT Main Farm, Juja,Generated (offline fallback)
2026-08-21,Friday,August,8,2026,Dry (Jun-Aug),12,23.1,62.7,5.4,24.9,W,74,20.36,0.57,33.92,0.0,NORMAL,NORMAL,-1.0896,37.0105,KE-NBI-001,JKUAT Main Farm, Juja,Generated (offline fallback)
2026-08-22,Saturday,August,8,2026,Dry (Jun-Aug),12,17.4,72.7,2.5,15.9,N,55,14.86,0.42,29.47,2.5,WARNING,WARNING,-1.0896,37.0105,KE-NBI-001,JKUAT Main Farm, Juja,Generated (offline fallback)
2026-08-23,Sunday,August,8,2026,Dry (Jun-Aug),12,23.2,54.5,0.0,34.2,SW,61,20.3,0.64,32.56,5.0,NORMAL,NORMAL,-1.0896,37.0105,KE-NBI-001,JKUAT Main Farm, Juja,Generated (offline fallback)
2026-08-24,Monday,August,8,2026,Dry (Jun-Aug),12,19.0,63.3,0.0,18.2,SW,37,16.28,0.51,29.58,5.0,WARNING,WARNING,-1.0896,37.0105,KE-NBI-001,JKUAT Main Farm, Juja,Generated (offline fallback)
2026-08-25,Tuesday,August,8,2026,Dry (Jun-Aug),12,17.5,72.6,0.0,15.2,NW,80,14.96,0.42,29.56,5.0,WARNING,WARNING,-1.0896,37.0105,KE-NBI-001,JKUAT Main Farm, Juja,Generated (offline fallback)
2026-08-26,Wednesday,August,8,2026,Dry (Jun-Aug),12,22.8,71.6,0.0,10.2,W,69,20.24,0.5,35.2,5.0,NORMAL,NORMAL,-1.0896,37.0105,KE-NBI-001,JKUAT Main Farm, Juja,Generated (offline fallback)
2026-08-27,Thursday,August,8,2026,Dry (Jun-Aug),12,18.3,67.1,8.6,35.1,E,62,15.65,0.48,29.48,0.0,WARNING,WARNING,-1.0896,37.0105,KE-NBI-001,JKUAT Main Farm, Juja,Generated (offline fallback)
2026-08-28,Friday,August,8,2026,Dry (Jun-Aug),12,21.9,61.6,6.5,10.7,E,44,19.14,0.57,32.42,0.0,NORMAL,NORMAL,-1.0896,37.0105,KE-NBI-001,JKUAT Main Farm, Juja,Generated (offline fallback)
2026-08-29,Saturday,August,8,2026,Dry (Jun-Aug),12,23.3,56.7,0.0,18.1,NW,80,20.44,0.62,33.06,5.0,NORMAL,NORMAL,-1.0896,37.0105,KE-NBI-001,JKUAT Main Farm, Juja,Generated (offline fallback)
2026-08-30,Sunday,August,8,2026,Dry (Jun-Aug),12,22.1,51.5,8.2,33.6,NE,78,19.14,0.64,30.85,0.0,NORMAL,NORMAL,-1.0896,37.0105,KE-NBI-001,JKUAT Main Farm, Juja,Generated (offline fallback)
2026-08-31,Monday,August,8,2026,Dry (Jun-Aug),12,19.6,49.9,0.0,10.1,NW,54,16.61,0.61,27.91,5.0,WARNING,WARNING,-1.0896,37.0105,KE-NBI-001,JKUAT Main Farm, Juja,Generated (offline fallback)
2026-09-01,Tuesday,September,9,2026,Short Rains,12,18.5,70.3,0.0,10.1,W,45,15.92,0.46,30.26,5.0,WARNING,WARNING,-1.0896,37.0105,KE-NBI-001,JKUAT Main Farm, Juja,Generated (offline fallback)
2026-09-02,Wednesday,September,9,2026,Short Rains,12,20.8,77.1,0.0,5.6,E,40,18.35,0.42,33.99,5.0,NORMAL,NORMAL,-1.0896,37.0105,KE-NBI-001,JKUAT Main Farm, Juja,Generated (offline fallback)
2026-09-03,Thursday,September,9,2026,Short Rains,12,24.4,55.3,1.3,8.8,N,71,21.51,0.65,33.99,3.7,NORMAL,NORMAL,-1.0896,37.0105,KE-NBI-001,JKUAT Main Farm, Juja,Generated (offline fallback)
2026-09-04,Friday,September,9,2026,Short Rains,12,28.3,58.6,3.9,5.6,E,52,25.48,0.68,38.8,1.1,NORMAL,NORMAL,-1.0896,37.0105,KE-NBI-001,JKUAT Main Farm, Juja,Generated (offline fallback)
2026-09-05,Saturday,September,9,2026,Short Rains,12,24.5,86.3,24.6,16.2,W,65,22.24,0.36,39.8,0.0,WARNING,WARNING,-1.0896,37.0105,KE-NBI-001,JKUAT Main Farm, Juja,Generated (offline fallback)
2026-09-06,Sunday,September,9,2026,Short Rains,12,26.7,77.1,10.0,20.7,S,48,24.25,0.49,40.52,0.0,NORMAL,NORMAL,-1.0896,37.0105,KE-NBI-001,JKUAT Main Farm, Juja,Generated (offline fallback)
2026-09-07,Monday,September,9,2026,Short Rains,12,24.5,58.8,9.9,22.1,E,42,21.68,0.62,34.73,0.0,NORMAL,NORMAL,-1.0896,37.0105,KE-NBI-001,JKUAT Main Farm, Juja,Generated (offline fallback)
2026-09-08,Tuesday,September,9,2026,Short Rains,12,23.0,81.6,0.0,22.7,SE,33,20.64,0.4,37.25,5.0,NORMAL,NORMAL,-1.0896,37.0105,KE-NBI-001,JKUAT Main Farm, Juja,Generated (offline fallback)
2026-09-09,Wednesday,September,9,2026,Short Rains,12,19.8,61.9,0.0,5.1,N,51,17.05,0.53,30.2,5.0,WARNING,WARNING,-1.0896,37.0105,KE-NBI-001,JKUAT Main Farm, Juja,Generated (offline fallback)
2026-09-10,Thursday,September,9,2026,Short Rains,12,23.0,69.1,0.0,18.6,N,70,20.39,0.52,34.97,5.0,NORMAL,NORMAL,-1.0896,37.0105,KE-NBI-001,JKUAT Main Farm, Juja,Generated (offline fallback)
2026-09-11,Friday,September,9,2026,Short Rains,12,23.0,58.6,0.0,11.8,NW,51,20.18,0.6,33.08,5.0,NORMAL,NORMAL,-1.0896,37.0105,KE-NBI-001,JKUAT Main Farm, Juja,Generated (offline fallback)
2026-09-12,Saturday,September,9,2026,Short Rains,12,23.8,70.1,0.0,6.7,S,71,21.21,0.52,36.02,5.0,NORMAL,NORMAL,-1.0896,37.0105,KE-NBI-001,JKUAT Main Farm, Juja,Generated (offline fallback)
2026-09-13,Sunday,September,9,2026,Short Rains,12,19.2,68.8,10.6,10.2,NW,37,16.59,0.48,30.76,0.0,WARNING,WARNING,-1.0896,37.0105,KE-NBI-001,JKUAT Main Farm, Juja,Generated (offline fallback)
2026-09-14,Monday,September,9,2026,Short Rains,12,22.2,60.9,0.0,20.2,S,65,19.43,0.58,32.62,5.0,NORMAL,NORMAL,-1.0896,37.0105,KE-NBI-001,JKUAT Main Farm, Juja,Generated (offline fallback)
2026-09-15,Tuesday,September,9,2026,Short Rains,12,27.4,75.3,9.8,10.0,NW,71,24.92,0.52,40.95,0.0,NORMAL,NORMAL,-1.0896,37.0105,KE-NBI-001,JKUAT Main Farm, Juja,Generated (offline fallback)
2026-09-16,Wednesday,September,9,2026,Short Rains,12,16.7,65.5,0.0,7.5,SW,34,14.02,0.47,27.46,5.0,WARNING,WARNING,-1.0896,37.0105,KE-NBI-001,JKUAT Main Farm, Juja,Generated (offline fallback)
2026-09-17,Thursday,September,9,2026,Short Rains,12,29.6,73.7,0.0,18.7,N,55,27.08,0.56,43.07,5.0,NORMAL,NORMAL,-1.0896,37.0105,KE-NBI-001,JKUAT Main Farm, Juja,Generated (offline fallback)
2026-09-18,Friday,September,9,2026,Short Rains,12,26.0,59.1,9.8,12.5,SE,74,23.19,0.64,36.41,0.0,NORMAL,NORMAL,-1.0896,37.0105,KE-NBI-001,JKUAT Main Farm, Juja,Generated (offline fallback)
2026-09-19,Saturday,September,9,2026,Short Rains,12,21.7,68.4,0.0,19.6,NW,59,19.08,0.51,33.42,5.0,NORMAL,NORMAL,-1.0896,37.0105,KE-NBI-001,JKUAT Main Farm, Juja,Generated (offline fallback)
2026-09-20,Sunday,September,9,2026,Short Rains,12,20.0,68.6,0.0,18.5,NE,68,17.38,0.49,31.6,5.0,NORMAL,NORMAL,-1.0896,37.0105,KE-NBI-001,JKUAT Main Farm, Juja,Generated (offline fallback)
2026-09-21,Monday,September,9,2026,Short Rains,12,27.0,61.8,21.5,13.2,SE,51,24.25,0.64,37.99,0.0,NORMAL,NORMAL,-1.0896,37.0105,KE-NBI-001,JKUAT Main Farm, Juja,Generated (offline fallback)
2026-09-22,Tuesday,September,9,2026,Short Rains,12,23.4,76.8,0.0,19.8,SW,55,20.95,0.46,36.81,5.0,NORMAL,NORMAL,-1.0896,37.0105,KE-NBI-001,JKUAT Main Farm, Juja,Generated (offline fallback)
2026-09-23,Wednesday,September,9,2026,Short Rains,12,19.7,67.1,0.0,16.0,NE,51,17.05,0.49,31.01,5.0,WARNING,WARNING,-1.0896,37.0105,KE-NBI-001,JKUAT Main Farm, Juja,Generated (offline fallback)
2026-09-24,Thursday,September,9,2026,Short Rains,12,22.3,70.3,6.9,9.8,NW,37,19.72,0.5,34.42,0.0,NORMAL,NORMAL,-1.0896,37.0105,KE-NBI-001,JKUAT Main Farm, Juja,Generated (offline fallback)
2026-09-25,Friday,September,9,2026,Short Rains,12,25.1,64.0,0.0,5.9,SE,49,22.39,0.59,36.33,5.0,NORMAL,NORMAL,-1.0896,37.0105,KE-NBI-001,JKUAT Main Farm, Juja,Generated (offline fallback)
2026-09-26,Saturday,September,9,2026,Short Rains,12,26.5,73.4,0.0,16.5,NW,33,23.98,0.53,39.6,5.0,NORMAL,NORMAL,-1.0896,37.0105,KE-NBI-001,JKUAT Main Farm, Juja,Generated (offline fallback)
